[2026-07-19 08:29:07] local.ERROR: require(C:\Users\user\Desktop\AtlasSNS_ver9\routes/api.php): Failed to open stream: No such file or directory {"exception":"[object] (ErrorException(code: 0): require(C:\\Users\\user\\Desktop\\AtlasSNS_ver9\\routes/api.php): Failed to open stream: No such file or directory at C:\\Users\\user\\Desktop\\AtlasSNS_ver9\\vendor\\laravel\\framework\\src\\Illuminate\\Routing\\RouteFileRegistrar.php:35)
[stacktrace]
#0 C:\\Users\\user\\Desktop\\AtlasSNS_ver9\\vendor\\laravel\\framework\\src\\Illuminate\\Foundation\\Bootstrap\\HandleExceptions.php(270): Illuminate\\Foundation\\Bootstrap\\HandleExceptions->handleError(2, 'require(C:\\\\User...', 'C:\\\\Users\\\\user\\\\D...', 35)
#1 C:\\Users\\user\\Desktop\\AtlasSNS_ver9\\vendor\\laravel\\framework\\src\\Illuminate\\Routing\\RouteFileRegistrar.php(35): Illuminate\\Foundation\\Bootstrap\\HandleExceptions->Illuminate\\Foundation\\Bootstrap\\{closure}(2, 'require(C:\\\\User...', 'C:\\\\Users\\\\user\\\\D...', 35)
#2 C:\\Users\\user\\Desktop\\AtlasSNS_ver9\\vendor\\laravel\\framework\\src\\Illuminate\\Routing\\RouteFileRegistrar.php(35): require('C:\\\\Users\\\\user\\\\D...')
#3 C:\\Users\\user\\Desktop\\AtlasSNS_ver9\\vendor\\laravel\\framework\\src\\Illuminate\\Routing\\Router.php(503): Illuminate\\Routing\\RouteFileRegistrar->register('C:\\\\Users\\\\user\\\\D...')
#4 C:\\Users\\user\\Desktop\\AtlasSNS_ver9\\vendor\\laravel\\framework\\src\\Illuminate\\Routing\\Router.php(457): Illuminate\\Routing\\Router->loadRoutes('C:\\\\Users\\\\user\\\\D...')
#5 C:\\Users\\user\\Desktop\\AtlasSNS_ver9\\vendor\\laravel\\framework\\src\\Illuminate\\Routing\\RouteRegistrar.php(192): Illuminate\\Routing\\Router->group(Array, 'C:\\\\Users\\\\user\\\\D...')
#6 C:\\Users\\user\\Desktop\\AtlasSNS_ver9\\app\\Providers\\RouteServiceProvider.php(34): Illuminate\\Routing\\RouteRegistrar->group('C:\\\\Users\\\\user\\\\D...')
#7 C:\\Users\\user\\Desktop\\AtlasSNS_ver9\\vendor\\laravel\\framework\\src\\Illuminate\\Container\\BoundMethod.php(36): App\\Providers\\RouteServiceProvider->App\\Providers\\{closure}()
#8 C:\\Users\\user\\Desktop\\AtlasSNS_ver9\\vendor\\laravel\\framework\\src\\Illuminate\\Container\\Util.php(41): Illuminate\\Container\\BoundMethod::Illuminate\\Container\\{closure}()
#9 C:\\Users\\user\\Desktop\\AtlasSNS_ver9\\vendor\\laravel\\framework\\src\\Illuminate\\Container\\BoundMethod.php(81): Illuminate\\Container\\Util::unwrapIfClosure(Object(Closure))
#10 C:\\Users\\user\\Desktop\\AtlasSNS_ver9\\vendor\\laravel\\framework\\src\\Illuminate\\Container\\BoundMethod.php(35): Illuminate\\Container\\BoundMethod::callBoundMethod(Object(Illuminate\\Foundation\\Application), Object(Closure), Object(Closure))
#11 C:\\Users\\user\\Desktop\\AtlasSNS_ver9\\vendor\\laravel\\framework\\src\\Illuminate\\Container\\Container.php(661): Illuminate\\Container\\BoundMethod::call(Object(Illuminate\\Foundation\\Application), Object(Closure), Array, NULL)
#12 C:\\Users\\user\\Desktop\\AtlasSNS_ver9\\vendor\\laravel\\framework\\src\\Illuminate\\Foundation\\Support\\Providers\\RouteServiceProvider.php(120): Illuminate\\Container\\Container->call(Object(Closure))
#13 C:\\Users\\user\\Desktop\\AtlasSNS_ver9\\vendor\\laravel\\framework\\src\\Illuminate\\Foundation\\Support\\Providers\\RouteServiceProvider.php(45): Illuminate\\Foundation\\Support\\Providers\\RouteServiceProvider->loadRoutes()
#14 C:\\Users\\user\\Desktop\\AtlasSNS_ver9\\vendor\\laravel\\framework\\src\\Illuminate\\Container\\BoundMethod.php(36): Illuminate\\Foundation\\Support\\Providers\\RouteServiceProvider->Illuminate\\Foundation\\Support\\Providers\\{closure}()
#15 C:\\Users\\user\\Desktop\\AtlasSNS_ver9\\vendor\\laravel\\framework\\src\\Illuminate\\Container\\Util.php(41): Illuminate\\Container\\BoundMethod::Illuminate\\Container\\{closure}()
#16 C:\\Users\\user\\Desktop\\AtlasSNS_ver9\\vendor\\laravel\\framework\\src\\Illuminate\\Container\\BoundMethod.php(81): Illuminate\\Container\\Util::unwrapIfClosure(Object(Closure))
#17 C:\\Users\\user\\Desktop\\AtlasSNS_ver9\\vendor\\laravel\\framework\\src\\Illuminate\\Container\\BoundMethod.php(35): Illuminate\\Container\\BoundMethod::callBoundMethod(Object(Illuminate\\Foundation\\Application), Object(Closure), Object(Closure))
#18 C:\\Users\\user\\Desktop\\AtlasSNS_ver9\\vendor\\laravel\\framework\\src\\Illuminate\\Container\\Container.php(661): Illuminate\\Container\\BoundMethod::call(Object(Illuminate\\Foundation\\Application), Object(Closure), Array, NULL)
#19 C:\\Users\\user\\Desktop\\AtlasSNS_ver9\\vendor\\laravel\\framework\\src\\Illuminate\\Support\\ServiceProvider.php(119): Illuminate\\Container\\Container->call(Object(Closure))
#20 C:\\Users\\user\\Desktop\\AtlasSNS_ver9\\vendor\\laravel\\framework\\src\\Illuminate\\Foundation\\Application.php(957): Illuminate\\Support\\ServiceProvider->callBootedCallbacks()
#21 C:\\Users\\user\\Desktop\\AtlasSNS_ver9\\vendor\\laravel\\framework\\src\\Illuminate\\Foundation\\Application.php(935): Illuminate\\Foundation\\Application->bootProvider(Object(App\\Providers\\RouteServiceProvider))
#22 [internal function]: Illuminate\\Foundation\\Application->Illuminate\\Foundation\\{closure}(Object(App\\Providers\\RouteServiceProvider), 23)
#23 C:\\Users\\user\\Desktop\\AtlasSNS_ver9\\vendor\\laravel\\framework\\src\\Illuminate\\Foundation\\Application.php(934): array_walk(Array, Object(Closure))
#24 C:\\Users\\user\\Desktop\\AtlasSNS_ver9\\vendor\\laravel\\framework\\src\\Illuminate\\Foundation\\Bootstrap\\BootProviders.php(17): Illuminate\\Foundation\\Application->boot()
#25 C:\\Users\\user\\Desktop\\AtlasSNS_ver9\\vendor\\laravel\\framework\\src\\Illuminate\\Foundation\\Application.php(265): Illuminate\\Foundation\\Bootstrap\\BootProviders->bootstrap(Object(Illuminate\\Foundation\\Application))
#26 C:\\Users\\user\\Desktop\\AtlasSNS_ver9\\vendor\\laravel\\framework\\src\\Illuminate\\Foundation\\Console\\Kernel.php(383): Illuminate\\Foundation\\Application->bootstrapWith(Array)
#27 C:\\Users\\user\\Desktop\\AtlasSNS_ver9\\vendor\\laravel\\framework\\src\\Illuminate\\Foundation\\Console\\Kernel.php(153): Illuminate\\Foundation\\Console\\Kernel->bootstrap()
#28 C:\\Users\\user\\Desktop\\AtlasSNS_ver9\\artisan(35): Illuminate\\Foundation\\Console\\Kernel->handle(Object(Symfony\\Component\\Console\\Input\\ArgvInput), Object(Symfony\\Component\\Console\\Output\\ConsoleOutput))
#29 {main}
"} 
[2026-07-19 08:29:32] local.ERROR: require(C:\Users\user\Desktop\AtlasSNS_ver9\routes/api.php): Failed to open stream: No such file or directory {"exception":"[object] (ErrorException(code: 0): require(C:\\Users\\user\\Desktop\\AtlasSNS_ver9\\routes/api.php): Failed to open stream: No such file or directory at C:\\Users\\user\\Desktop\\AtlasSNS_ver9\\vendor\\laravel\\framework\\src\\Illuminate\\Routing\\RouteFileRegistrar.php:35)
[stacktrace]
#0 C:\\Users\\user\\Desktop\\AtlasSNS_ver9\\vendor\\laravel\\framework\\src\\Illuminate\\Foundation\\Bootstrap\\HandleExceptions.php(270): Illuminate\\Foundation\\Bootstrap\\HandleExceptions->handleError(2, 'require(C:\\\\User...', 'C:\\\\Users\\\\user\\\\D...', 35)
#1 C:\\Users\\user\\Desktop\\AtlasSNS_ver9\\vendor\\laravel\\framework\\src\\Illuminate\\Routing\\RouteFileRegistrar.php(35): Illuminate\\Foundation\\Bootstrap\\HandleExceptions->Illuminate\\Foundation\\Bootstrap\\{closure}(2, 'require(C:\\\\User...', 'C:\\\\Users\\\\user\\\\D...', 35)
#2 C:\\Users\\user\\Desktop\\AtlasSNS_ver9\\vendor\\laravel\\framework\\src\\Illuminate\\Routing\\RouteFileRegistrar.php(35): require('C:\\\\Users\\\\user\\\\D...')
#3 C:\\Users\\user\\Desktop\\AtlasSNS_ver9\\vendor\\laravel\\framework\\src\\Illuminate\\Routing\\Router.php(503): Illuminate\\Routing\\RouteFileRegistrar->register('C:\\\\Users\\\\user\\\\D...')
#4 C:\\Users\\user\\Desktop\\AtlasSNS_ver9\\vendor\\laravel\\framework\\src\\Illuminate\\Routing\\Router.php(457): Illuminate\\Routing\\Router->loadRoutes('C:\\\\Users\\\\user\\\\D...')
#5 C:\\Users\\user\\Desktop\\AtlasSNS_ver9\\vendor\\laravel\\framework\\src\\Illuminate\\Routing\\RouteRegistrar.php(192): Illuminate\\Routing\\Router->group(Array, 'C:\\\\Users\\\\user\\\\D...')
#6 C:\\Users\\user\\Desktop\\AtlasSNS_ver9\\app\\Providers\\RouteServiceProvider.php(34): Illuminate\\Routing\\RouteRegistrar->group('C:\\\\Users\\\\user\\\\D...')
#7 C:\\Users\\user\\Desktop\\AtlasSNS_ver9\\vendor\\laravel\\framework\\src\\Illuminate\\Container\\BoundMethod.php(36): App\\Providers\\RouteServiceProvider->App\\Providers\\{closure}()
#8 C:\\Users\\user\\Desktop\\AtlasSNS_ver9\\vendor\\laravel\\framework\\src\\Illuminate\\Container\\Util.php(41): Illuminate\\Container\\BoundMethod::Illuminate\\Container\\{closure}()
#9 C:\\Users\\user\\Desktop\\AtlasSNS_ver9\\vendor\\laravel\\framework\\src\\Illuminate\\Container\\BoundMethod.php(81): Illuminate\\Container\\Util::unwrapIfClosure(Object(Closure))
#10 C:\\Users\\user\\Desktop\\AtlasSNS_ver9\\vendor\\laravel\\framework\\src\\Illuminate\\Container\\BoundMethod.php(35): Illuminate\\Container\\BoundMethod::callBoundMethod(Object(Illuminate\\Foundation\\Application), Object(Closure), Object(Closure))
#11 C:\\Users\\user\\Desktop\\AtlasSNS_ver9\\vendor\\laravel\\framework\\src\\Illuminate\\Container\\Container.php(661): Illuminate\\Container\\BoundMethod::call(Object(Illuminate\\Foundation\\Application), Object(Closure), Array, NULL)
#12 C:\\Users\\user\\Desktop\\AtlasSNS_ver9\\vendor\\laravel\\framework\\src\\Illuminate\\Foundation\\Support\\Providers\\RouteServiceProvider.php(120): Illuminate\\Container\\Container->call(Object(Closure))
#13 C:\\Users\\user\\Desktop\\AtlasSNS_ver9\\vendor\\laravel\\framework\\src\\Illuminate\\Foundation\\Support\\Providers\\RouteServiceProvider.php(45): Illuminate\\Foundation\\Support\\Providers\\RouteServiceProvider->loadRoutes()
#14 C:\\Users\\user\\Desktop\\AtlasSNS_ver9\\vendor\\laravel\\framework\\src\\Illuminate\\Container\\BoundMethod.php(36): Illuminate\\Foundation\\Support\\Providers\\RouteServiceProvider->Illuminate\\Foundation\\Support\\Providers\\{closure}()
#15 C:\\Users\\user\\Desktop\\AtlasSNS_ver9\\vendor\\laravel\\framework\\src\\Illuminate\\Container\\Util.php(41): Illuminate\\Container\\BoundMethod::Illuminate\\Container\\{closure}()
#16 C:\\Users\\user\\Desktop\\AtlasSNS_ver9\\vendor\\laravel\\framework\\src\\Illuminate\\Container\\BoundMethod.php(81): Illuminate\\Container\\Util::unwrapIfClosure(Object(Closure))
#17 C:\\Users\\user\\Desktop\\AtlasSNS_ver9\\vendor\\laravel\\framework\\src\\Illuminate\\Container\\BoundMethod.php(35): Illuminate\\Container\\BoundMethod::callBoundMethod(Object(Illuminate\\Foundation\\Application), Object(Closure), Object(Closure))
#18 C:\\Users\\user\\Desktop\\AtlasSNS_ver9\\vendor\\laravel\\framework\\src\\Illuminate\\Container\\Container.php(661): Illuminate\\Container\\BoundMethod::call(Object(Illuminate\\Foundation\\Application), Object(Closure), Array, NULL)
#19 C:\\Users\\user\\Desktop\\AtlasSNS_ver9\\vendor\\laravel\\framework\\src\\Illuminate\\Support\\ServiceProvider.php(119): Illuminate\\Container\\Container->call(Object(Closure))
#20 C:\\Users\\user\\Desktop\\AtlasSNS_ver9\\vendor\\laravel\\framework\\src\\Illuminate\\Foundation\\Application.php(957): Illuminate\\Support\\ServiceProvider->callBootedCallbacks()
#21 C:\\Users\\user\\Desktop\\AtlasSNS_ver9\\vendor\\laravel\\framework\\src\\Illuminate\\Foundation\\Application.php(935): Illuminate\\Foundation\\Application->bootProvider(Object(App\\Providers\\RouteServiceProvider))
#22 [internal function]: Illuminate\\Foundation\\Application->Illuminate\\Foundation\\{closure}(Object(App\\Providers\\RouteServiceProvider), 23)
#23 C:\\Users\\user\\Desktop\\AtlasSNS_ver9\\vendor\\laravel\\framework\\src\\Illuminate\\Foundation\\Application.php(934): array_walk(Array, Object(Closure))
#24 C:\\Users\\user\\Desktop\\AtlasSNS_ver9\\vendor\\laravel\\framework\\src\\Illuminate\\Foundation\\Bootstrap\\BootProviders.php(17): Illuminate\\Foundation\\Application->boot()
#25 C:\\Users\\user\\Desktop\\AtlasSNS_ver9\\vendor\\laravel\\framework\\src\\Illuminate\\Foundation\\Application.php(265): Illuminate\\Foundation\\Bootstrap\\BootProviders->bootstrap(Object(Illuminate\\Foundation\\Application))
#26 C:\\Users\\user\\Desktop\\AtlasSNS_ver9\\vendor\\laravel\\framework\\src\\Illuminate\\Foundation\\Console\\Kernel.php(383): Illuminate\\Foundation\\Application->bootstrapWith(Array)
#27 C:\\Users\\user\\Desktop\\AtlasSNS_ver9\\vendor\\laravel\\framework\\src\\Illuminate\\Foundation\\Console\\Kernel.php(153): Illuminate\\Foundation\\Console\\Kernel->bootstrap()
#28 C:\\Users\\user\\Desktop\\AtlasSNS_ver9\\artisan(35): Illuminate\\Foundation\\Console\\Kernel->handle(Object(Symfony\\Component\\Console\\Input\\ArgvInput), Object(Symfony\\Component\\Console\\Output\\ConsoleOutput))
#29 {main}
"} 
[2026-07-19 08:29:58] local.ERROR: require(C:\Users\user\Desktop\AtlasSNS_ver9\routes/api.php): Failed to open stream: No such file or directory {"exception":"[object] (ErrorException(code: 0): require(C:\\Users\\user\\Desktop\\AtlasSNS_ver9\\routes/api.php): Failed to open stream: No such file or directory at C:\\Users\\user\\Desktop\\AtlasSNS_ver9\\vendor\\laravel\\framework\\src\\Illuminate\\Routing\\RouteFileRegistrar.php:35)
[stacktrace]
#0 C:\\Users\\user\\Desktop\\AtlasSNS_ver9\\vendor\\laravel\\framework\\src\\Illuminate\\Foundation\\Bootstrap\\HandleExceptions.php(270): Illuminate\\Foundation\\Bootstrap\\HandleExceptions->handleError(2, 'require(C:\\\\User...', 'C:\\\\Users\\\\user\\\\D...', 35)
#1 C:\\Users\\user\\Desktop\\AtlasSNS_ver9\\vendor\\laravel\\framework\\src\\Illuminate\\Routing\\RouteFileRegistrar.php(35): Illuminate\\Foundation\\Bootstrap\\HandleExceptions->Illuminate\\Foundation\\Bootstrap\\{closure}(2, 'require(C:\\\\User...', 'C:\\\\Users\\\\user\\\\D...', 35)
#2 C:\\Users\\user\\Desktop\\AtlasSNS_ver9\\vendor\\laravel\\framework\\src\\Illuminate\\Routing\\RouteFileRegistrar.php(35): require('C:\\\\Users\\\\user\\\\D...')
#3 C:\\Users\\user\\Desktop\\AtlasSNS_ver9\\vendor\\laravel\\framework\\src\\Illuminate\\Routing\\Router.php(503): Illuminate\\Routing\\RouteFileRegistrar->register('C:\\\\Users\\\\user\\\\D...')
#4 C:\\Users\\user\\Desktop\\AtlasSNS_ver9\\vendor\\laravel\\framework\\src\\Illuminate\\Routing\\Router.php(457): Illuminate\\Routing\\Router->loadRoutes('C:\\\\Users\\\\user\\\\D...')
#5 C:\\Users\\user\\Desktop\\AtlasSNS_ver9\\vendor\\laravel\\framework\\src\\Illuminate\\Routing\\RouteRegistrar.php(192): Illuminate\\Routing\\Router->group(Array, 'C:\\\\Users\\\\user\\\\D...')
#6 C:\\Users\\user\\Desktop\\AtlasSNS_ver9\\app\\Providers\\RouteServiceProvider.php(34): Illuminate\\Routing\\RouteRegistrar->group('C:\\\\Users\\\\user\\\\D...')
#7 C:\\Users\\user\\Desktop\\AtlasSNS_ver9\\vendor\\laravel\\framework\\src\\Illuminate\\Container\\BoundMethod.php(36): App\\Providers\\RouteServiceProvider->App\\Providers\\{closure}()
#8 C:\\Users\\user\\Desktop\\AtlasSNS_ver9\\vendor\\laravel\\framework\\src\\Illuminate\\Container\\Util.php(41): Illuminate\\Container\\BoundMethod::Illuminate\\Container\\{closure}()
#9 C:\\Users\\user\\Desktop\\AtlasSNS_ver9\\vendor\\laravel\\framework\\src\\Illuminate\\Container\\BoundMethod.php(81): Illuminate\\Container\\Util::unwrapIfClosure(Object(Closure))
#10 C:\\Users\\user\\Desktop\\AtlasSNS_ver9\\vendor\\laravel\\framework\\src\\Illuminate\\Container\\BoundMethod.php(35): Illuminate\\Container\\BoundMethod::callBoundMethod(Object(Illuminate\\Foundation\\Application), Object(Closure), Object(Closure))
#11 C:\\Users\\user\\Desktop\\AtlasSNS_ver9\\vendor\\laravel\\framework\\src\\Illuminate\\Container\\Container.php(661): Illuminate\\Container\\BoundMethod::call(Object(Illuminate\\Foundation\\Application), Object(Closure), Array, NULL)
#12 C:\\Users\\user\\Desktop\\AtlasSNS_ver9\\vendor\\laravel\\framework\\src\\Illuminate\\Foundation\\Support\\Providers\\RouteServiceProvider.php(120): Illuminate\\Container\\Container->call(Object(Closure))
#13 C:\\Users\\user\\Desktop\\AtlasSNS_ver9\\vendor\\laravel\\framework\\src\\Illuminate\\Foundation\\Support\\Providers\\RouteServiceProvider.php(45): Illuminate\\Foundation\\Support\\Providers\\RouteServiceProvider->loadRoutes()
#14 C:\\Users\\user\\Desktop\\AtlasSNS_ver9\\vendor\\laravel\\framework\\src\\Illuminate\\Container\\BoundMethod.php(36): Illuminate\\Foundation\\Support\\Providers\\RouteServiceProvider->Illuminate\\Foundation\\Support\\Providers\\{closure}()
#15 C:\\Users\\user\\Desktop\\AtlasSNS_ver9\\vendor\\laravel\\framework\\src\\Illuminate\\Container\\Util.php(41): Illuminate\\Container\\BoundMethod::Illuminate\\Container\\{closure}()
#16 C:\\Users\\user\\Desktop\\AtlasSNS_ver9\\vendor\\laravel\\framework\\src\\Illuminate\\Container\\BoundMethod.php(81): Illuminate\\Container\\Util::unwrapIfClosure(Object(Closure))
#17 C:\\Users\\user\\Desktop\\AtlasSNS_ver9\\vendor\\laravel\\framework\\src\\Illuminate\\Container\\BoundMethod.php(35): Illuminate\\Container\\BoundMethod::callBoundMethod(Object(Illuminate\\Foundation\\Application), Object(Closure), Object(Closure))
#18 C:\\Users\\user\\Desktop\\AtlasSNS_ver9\\vendor\\laravel\\framework\\src\\Illuminate\\Container\\Container.php(661): Illuminate\\Container\\BoundMethod::call(Object(Illuminate\\Foundation\\Application), Object(Closure), Array, NULL)
#19 C:\\Users\\user\\Desktop\\AtlasSNS_ver9\\vendor\\laravel\\framework\\src\\Illuminate\\Support\\ServiceProvider.php(119): Illuminate\\Container\\Container->call(Object(Closure))
#20 C:\\Users\\user\\Desktop\\AtlasSNS_ver9\\vendor\\laravel\\framework\\src\\Illuminate\\Foundation\\Application.php(957): Illuminate\\Support\\ServiceProvider->callBootedCallbacks()
#21 C:\\Users\\user\\Desktop\\AtlasSNS_ver9\\vendor\\laravel\\framework\\src\\Illuminate\\Foundation\\Application.php(935): Illuminate\\Foundation\\Application->bootProvider(Object(App\\Providers\\RouteServiceProvider))
#22 [internal function]: Illuminate\\Foundation\\Application->Illuminate\\Foundation\\{closure}(Object(App\\Providers\\RouteServiceProvider), 23)
#23 C:\\Users\\user\\Desktop\\AtlasSNS_ver9\\vendor\\laravel\\framework\\src\\Illuminate\\Foundation\\Application.php(934): array_walk(Array, Object(Closure))
#24 C:\\Users\\user\\Desktop\\AtlasSNS_ver9\\vendor\\laravel\\framework\\src\\Illuminate\\Foundation\\Bootstrap\\BootProviders.php(17): Illuminate\\Foundation\\Application->boot()
#25 C:\\Users\\user\\Desktop\\AtlasSNS_ver9\\vendor\\laravel\\framework\\src\\Illuminate\\Foundation\\Application.php(265): Illuminate\\Foundation\\Bootstrap\\BootProviders->bootstrap(Object(Illuminate\\Foundation\\Application))
#26 C:\\Users\\user\\Desktop\\AtlasSNS_ver9\\vendor\\laravel\\framework\\src\\Illuminate\\Foundation\\Console\\Kernel.php(383): Illuminate\\Foundation\\Application->bootstrapWith(Array)
#27 C:\\Users\\user\\Desktop\\AtlasSNS_ver9\\vendor\\laravel\\framework\\src\\Illuminate\\Foundation\\Console\\Kernel.php(153): Illuminate\\Foundation\\Console\\Kernel->bootstrap()
#28 C:\\Users\\user\\Desktop\\AtlasSNS_ver9\\artisan(35): Illuminate\\Foundation\\Console\\Kernel->handle(Object(Symfony\\Component\\Console\\Input\\ArgvInput), Object(Symfony\\Component\\Console\\Output\\ConsoleOutput))
#29 {main}
"} 
[2026-07-19 08:30:08] local.ERROR: require(C:\Users\user\Desktop\AtlasSNS_ver9\routes/api.php): Failed to open stream: No such file or directory {"exception":"[object] (ErrorException(code: 0): require(C:\\Users\\user\\Desktop\\AtlasSNS_ver9\\routes/api.php): Failed to open stream: No such file or directory at C:\\Users\\user\\Desktop\\AtlasSNS_ver9\\vendor\\laravel\\framework\\src\\Illuminate\\Routing\\RouteFileRegistrar.php:35)
[stacktrace]
#0 C:\\Users\\user\\Desktop\\AtlasSNS_ver9\\vendor\\laravel\\framework\\src\\Illuminate\\Foundation\\Bootstrap\\HandleExceptions.php(270): Illuminate\\Foundation\\Bootstrap\\HandleExceptions->handleError(2, 'require(C:\\\\User...', 'C:\\\\Users\\\\user\\\\D...', 35)
#1 C:\\Users\\user\\Desktop\\AtlasSNS_ver9\\vendor\\laravel\\framework\\src\\Illuminate\\Routing\\RouteFileRegistrar.php(35): Illuminate\\Foundation\\Bootstrap\\HandleExceptions->Illuminate\\Foundation\\Bootstrap\\{closure}(2, 'require(C:\\\\User...', 'C:\\\\Users\\\\user\\\\D...', 35)
#2 C:\\Users\\user\\Desktop\\AtlasSNS_ver9\\vendor\\laravel\\framework\\src\\Illuminate\\Routing\\RouteFileRegistrar.php(35): require('C:\\\\Users\\\\user\\\\D...')
#3 C:\\Users\\user\\Desktop\\AtlasSNS_ver9\\vendor\\laravel\\framework\\src\\Illuminate\\Routing\\Router.php(503): Illuminate\\Routing\\RouteFileRegistrar->register('C:\\\\Users\\\\user\\\\D...')
#4 C:\\Users\\user\\Desktop\\AtlasSNS_ver9\\vendor\\laravel\\framework\\src\\Illuminate\\Routing\\Router.php(457): Illuminate\\Routing\\Router->loadRoutes('C:\\\\Users\\\\user\\\\D...')
#5 C:\\Users\\user\\Desktop\\AtlasSNS_ver9\\vendor\\laravel\\framework\\src\\Illuminate\\Routing\\RouteRegistrar.php(192): Illuminate\\Routing\\Router->group(Array, 'C:\\\\Users\\\\user\\\\D...')
#6 C:\\Users\\user\\Desktop\\AtlasSNS_ver9\\app\\Providers\\RouteServiceProvider.php(34): Illuminate\\Routing\\RouteRegistrar->group('C:\\\\Users\\\\user\\\\D...')
#7 C:\\Users\\user\\Desktop\\AtlasSNS_ver9\\vendor\\laravel\\framework\\src\\Illuminate\\Container\\BoundMethod.php(36): App\\Providers\\RouteServiceProvider->App\\Providers\\{closure}()
#8 C:\\Users\\user\\Desktop\\AtlasSNS_ver9\\vendor\\laravel\\framework\\src\\Illuminate\\Container\\Util.php(41): Illuminate\\Container\\BoundMethod::Illuminate\\Container\\{closure}()
#9 C:\\Users\\user\\Desktop\\AtlasSNS_ver9\\vendor\\laravel\\framework\\src\\Illuminate\\Container\\BoundMethod.php(81): Illuminate\\Container\\Util::unwrapIfClosure(Object(Closure))
#10 C:\\Users\\user\\Desktop\\AtlasSNS_ver9\\vendor\\laravel\\framework\\src\\Illuminate\\Container\\BoundMethod.php(35): Illuminate\\Container\\BoundMethod::callBoundMethod(Object(Illuminate\\Foundation\\Application), Object(Closure), Object(Closure))
#11 C:\\Users\\user\\Desktop\\AtlasSNS_ver9\\vendor\\laravel\\framework\\src\\Illuminate\\Container\\Container.php(661): Illuminate\\Container\\BoundMethod::call(Object(Illuminate\\Foundation\\Application), Object(Closure), Array, NULL)
#12 C:\\Users\\user\\Desktop\\AtlasSNS_ver9\\vendor\\laravel\\framework\\src\\Illuminate\\Foundation\\Support\\Providers\\RouteServiceProvider.php(120): Illuminate\\Container\\Container->call(Object(Closure))
#13 C:\\Users\\user\\Desktop\\AtlasSNS_ver9\\vendor\\laravel\\framework\\src\\Illuminate\\Foundation\\Support\\Providers\\RouteServiceProvider.php(45): Illuminate\\Foundation\\Support\\Providers\\RouteServiceProvider->loadRoutes()
#14 C:\\Users\\user\\Desktop\\AtlasSNS_ver9\\vendor\\laravel\\framework\\src\\Illuminate\\Container\\BoundMethod.php(36): Illuminate\\Foundation\\Support\\Providers\\RouteServiceProvider->Illuminate\\Foundation\\Support\\Providers\\{closure}()
#15 C:\\Users\\user\\Desktop\\AtlasSNS_ver9\\vendor\\laravel\\framework\\src\\Illuminate\\Container\\Util.php(41): Illuminate\\Container\\BoundMethod::Illuminate\\Container\\{closure}()
#16 C:\\Users\\user\\Desktop\\AtlasSNS_ver9\\vendor\\laravel\\framework\\src\\Illuminate\\Container\\BoundMethod.php(81): Illuminate\\Container\\Util::unwrapIfClosure(Object(Closure))
#17 C:\\Users\\user\\Desktop\\AtlasSNS_ver9\\vendor\\laravel\\framework\\src\\Illuminate\\Container\\BoundMethod.php(35): Illuminate\\Container\\BoundMethod::callBoundMethod(Object(Illuminate\\Foundation\\Application), Object(Closure), Object(Closure))
#18 C:\\Users\\user\\Desktop\\AtlasSNS_ver9\\vendor\\laravel\\framework\\src\\Illuminate\\Container\\Container.php(661): Illuminate\\Container\\BoundMethod::call(Object(Illuminate\\Foundation\\Application), Object(Closure), Array, NULL)
#19 C:\\Users\\user\\Desktop\\AtlasSNS_ver9\\vendor\\laravel\\framework\\src\\Illuminate\\Support\\ServiceProvider.php(119): Illuminate\\Container\\Container->call(Object(Closure))
#20 C:\\Users\\user\\Desktop\\AtlasSNS_ver9\\vendor\\laravel\\framework\\src\\Illuminate\\Foundation\\Application.php(957): Illuminate\\Support\\ServiceProvider->callBootedCallbacks()
#21 C:\\Users\\user\\Desktop\\AtlasSNS_ver9\\vendor\\laravel\\framework\\src\\Illuminate\\Foundation\\Application.php(935): Illuminate\\Foundation\\Application->bootProvider(Object(App\\Providers\\RouteServiceProvider))
#22 [internal function]: Illuminate\\Foundation\\Application->Illuminate\\Foundation\\{closure}(Object(App\\Providers\\RouteServiceProvider), 23)
#23 C:\\Users\\user\\Desktop\\AtlasSNS_ver9\\vendor\\laravel\\framework\\src\\Illuminate\\Foundation\\Application.php(934): array_walk(Array, Object(Closure))
#24 C:\\Users\\user\\Desktop\\AtlasSNS_ver9\\vendor\\laravel\\framework\\src\\Illuminate\\Foundation\\Bootstrap\\BootProviders.php(17): Illuminate\\Foundation\\Application->boot()
#25 C:\\Users\\user\\Desktop\\AtlasSNS_ver9\\vendor\\laravel\\framework\\src\\Illuminate\\Foundation\\Application.php(265): Illuminate\\Foundation\\Bootstrap\\BootProviders->bootstrap(Object(Illuminate\\Foundation\\Application))
#26 C:\\Users\\user\\Desktop\\AtlasSNS_ver9\\vendor\\laravel\\framework\\src\\Illuminate\\Foundation\\Console\\Kernel.php(383): Illuminate\\Foundation\\Application->bootstrapWith(Array)
#27 C:\\Users\\user\\Desktop\\AtlasSNS_ver9\\vendor\\laravel\\framework\\src\\Illuminate\\Foundation\\Console\\Kernel.php(153): Illuminate\\Foundation\\Console\\Kernel->bootstrap()
#28 C:\\Users\\user\\Desktop\\AtlasSNS_ver9\\artisan(35): Illuminate\\Foundation\\Console\\Kernel->handle(Object(Symfony\\Component\\Console\\Input\\ArgvInput), Object(Symfony\\Component\\Console\\Output\\ConsoleOutput))
#29 {main}
"} 
[2026-07-19 08:33:56] local.ERROR: require(C:\Users\user\Desktop\AtlasSNS_ver9\routes/api.php): Failed to open stream: No such file or directory {"exception":"[object] (ErrorException(code: 0): require(C:\\Users\\user\\Desktop\\AtlasSNS_ver9\\routes/api.php): Failed to open stream: No such file or directory at C:\\Users\\user\\Desktop\\AtlasSNS_ver9\\vendor\\laravel\\framework\\src\\Illuminate\\Routing\\RouteFileRegistrar.php:35)
[stacktrace]
#0 C:\\Users\\user\\Desktop\\AtlasSNS_ver9\\vendor\\laravel\\framework\\src\\Illuminate\\Foundation\\Bootstrap\\HandleExceptions.php(270): Illuminate\\Foundation\\Bootstrap\\HandleExceptions->handleError(2, 'require(C:\\\\User...', 'C:\\\\Users\\\\user\\\\D...', 35)
#1 C:\\Users\\user\\Desktop\\AtlasSNS_ver9\\vendor\\laravel\\framework\\src\\Illuminate\\Routing\\RouteFileRegistrar.php(35): Illuminate\\Foundation\\Bootstrap\\HandleExceptions->Illuminate\\Foundation\\Bootstrap\\{closure}(2, 'require(C:\\\\User...', 'C:\\\\Users\\\\user\\\\D...', 35)
#2 C:\\Users\\user\\Desktop\\AtlasSNS_ver9\\vendor\\laravel\\framework\\src\\Illuminate\\Routing\\RouteFileRegistrar.php(35): require('C:\\\\Users\\\\user\\\\D...')
#3 C:\\Users\\user\\Desktop\\AtlasSNS_ver9\\vendor\\laravel\\framework\\src\\Illuminate\\Routing\\Router.php(503): Illuminate\\Routing\\RouteFileRegistrar->register('C:\\\\Users\\\\user\\\\D...')
#4 C:\\Users\\user\\Desktop\\AtlasSNS_ver9\\vendor\\laravel\\framework\\src\\Illuminate\\Routing\\Router.php(457): Illuminate\\Routing\\Router->loadRoutes('C:\\\\Users\\\\user\\\\D...')
#5 C:\\Users\\user\\Desktop\\AtlasSNS_ver9\\vendor\\laravel\\framework\\src\\Illuminate\\Routing\\RouteRegistrar.php(192): Illuminate\\Routing\\Router->group(Array, 'C:\\\\Users\\\\user\\\\D...')
#6 C:\\Users\\user\\Desktop\\AtlasSNS_ver9\\app\\Providers\\RouteServiceProvider.php(34): Illuminate\\Routing\\RouteRegistrar->group('C:\\\\Users\\\\user\\\\D...')
#7 C:\\Users\\user\\Desktop\\AtlasSNS_ver9\\vendor\\laravel\\framework\\src\\Illuminate\\Container\\BoundMethod.php(36): App\\Providers\\RouteServiceProvider->App\\Providers\\{closure}()
#8 C:\\Users\\user\\Desktop\\AtlasSNS_ver9\\vendor\\laravel\\framework\\src\\Illuminate\\Container\\Util.php(41): Illuminate\\Container\\BoundMethod::Illuminate\\Container\\{closure}()
#9 C:\\Users\\user\\Desktop\\AtlasSNS_ver9\\vendor\\laravel\\framework\\src\\Illuminate\\Container\\BoundMethod.php(81): Illuminate\\Container\\Util::unwrapIfClosure(Object(Closure))
#10 C:\\Users\\user\\Desktop\\AtlasSNS_ver9\\vendor\\laravel\\framework\\src\\Illuminate\\Container\\BoundMethod.php(35): Illuminate\\Container\\BoundMethod::callBoundMethod(Object(Illuminate\\Foundation\\Application), Object(Closure), Object(Closure))
#11 C:\\Users\\user\\Desktop\\AtlasSNS_ver9\\vendor\\laravel\\framework\\src\\Illuminate\\Container\\Container.php(661): Illuminate\\Container\\BoundMethod::call(Object(Illuminate\\Foundation\\Application), Object(Closure), Array, NULL)
#12 C:\\Users\\user\\Desktop\\AtlasSNS_ver9\\vendor\\laravel\\framework\\src\\Illuminate\\Foundation\\Support\\Providers\\RouteServiceProvider.php(120): Illuminate\\Container\\Container->call(Object(Closure))
#13 C:\\Users\\user\\Desktop\\AtlasSNS_ver9\\vendor\\laravel\\framework\\src\\Illuminate\\Foundation\\Support\\Providers\\RouteServiceProvider.php(45): Illuminate\\Foundation\\Support\\Providers\\RouteServiceProvider->loadRoutes()
#14 C:\\Users\\user\\Desktop\\AtlasSNS_ver9\\vendor\\laravel\\framework\\src\\Illuminate\\Container\\BoundMethod.php(36): Illuminate\\Foundation\\Support\\Providers\\RouteServiceProvider->Illuminate\\Foundation\\Support\\Providers\\{closure}()
#15 C:\\Users\\user\\Desktop\\AtlasSNS_ver9\\vendor\\laravel\\framework\\src\\Illuminate\\Container\\Util.php(41): Illuminate\\Container\\BoundMethod::Illuminate\\Container\\{closure}()
#16 C:\\Users\\user\\Desktop\\AtlasSNS_ver9\\vendor\\laravel\\framework\\src\\Illuminate\\Container\\BoundMethod.php(81): Illuminate\\Container\\Util::unwrapIfClosure(Object(Closure))
#17 C:\\Users\\user\\Desktop\\AtlasSNS_ver9\\vendor\\laravel\\framework\\src\\Illuminate\\Container\\BoundMethod.php(35): Illuminate\\Container\\BoundMethod::callBoundMethod(Object(Illuminate\\Foundation\\Application), Object(Closure), Object(Closure))
#18 C:\\Users\\user\\Desktop\\AtlasSNS_ver9\\vendor\\laravel\\framework\\src\\Illuminate\\Container\\Container.php(661): Illuminate\\Container\\BoundMethod::call(Object(Illuminate\\Foundation\\Application), Object(Closure), Array, NULL)
#19 C:\\Users\\user\\Desktop\\AtlasSNS_ver9\\vendor\\laravel\\framework\\src\\Illuminate\\Support\\ServiceProvider.php(119): Illuminate\\Container\\Container->call(Object(Closure))
#20 C:\\Users\\user\\Desktop\\AtlasSNS_ver9\\vendor\\laravel\\framework\\src\\Illuminate\\Foundation\\Application.php(957): Illuminate\\Support\\ServiceProvider->callBootedCallbacks()
#21 C:\\Users\\user\\Desktop\\AtlasSNS_ver9\\vendor\\laravel\\framework\\src\\Illuminate\\Foundation\\Application.php(935): Illuminate\\Foundation\\Application->bootProvider(Object(App\\Providers\\RouteServiceProvider))
#22 [internal function]: Illuminate\\Foundation\\Application->Illuminate\\Foundation\\{closure}(Object(App\\Providers\\RouteServiceProvider), 23)
#23 C:\\Users\\user\\Desktop\\AtlasSNS_ver9\\vendor\\laravel\\framework\\src\\Illuminate\\Foundation\\Application.php(934): array_walk(Array, Object(Closure))
#24 C:\\Users\\user\\Desktop\\AtlasSNS_ver9\\vendor\\laravel\\framework\\src\\Illuminate\\Foundation\\Bootstrap\\BootProviders.php(17): Illuminate\\Foundation\\Application->boot()
#25 C:\\Users\\user\\Desktop\\AtlasSNS_ver9\\vendor\\laravel\\framework\\src\\Illuminate\\Foundation\\Application.php(265): Illuminate\\Foundation\\Bootstrap\\BootProviders->bootstrap(Object(Illuminate\\Foundation\\Application))
#26 C:\\Users\\user\\Desktop\\AtlasSNS_ver9\\vendor\\laravel\\framework\\src\\Illuminate\\Foundation\\Console\\Kernel.php(383): Illuminate\\Foundation\\Application->bootstrapWith(Array)
#27 C:\\Users\\user\\Desktop\\AtlasSNS_ver9\\vendor\\laravel\\framework\\src\\Illuminate\\Foundation\\Console\\Kernel.php(153): Illuminate\\Foundation\\Console\\Kernel->bootstrap()
#28 C:\\Users\\user\\Desktop\\AtlasSNS_ver9\\artisan(35): Illuminate\\Foundation\\Console\\Kernel->handle(Object(Symfony\\Component\\Console\\Input\\ArgvInput), Object(Symfony\\Component\\Console\\Output\\ConsoleOutput))
#29 {main}
"} 
[2026-07-19 08:44:36] local.ERROR: require(C:\Users\user\Desktop\AtlasSNS_ver9\routes/web.php): Failed to open stream: No such file or directory {"exception":"[object] (ErrorException(code: 0): require(C:\\Users\\user\\Desktop\\AtlasSNS_ver9\\routes/web.php): Failed to open stream: No such file or directory at C:\\Users\\user\\Desktop\\AtlasSNS_ver9\\vendor\\laravel\\framework\\src\\Illuminate\\Routing\\RouteFileRegistrar.php:35)
[stacktrace]
#0 C:\\Users\\user\\Desktop\\AtlasSNS_ver9\\vendor\\laravel\\framework\\src\\Illuminate\\Foundation\\Bootstrap\\HandleExceptions.php(270): Illuminate\\Foundation\\Bootstrap\\HandleExceptions->handleError(2, 'require(C:\\\\User...', 'C:\\\\Users\\\\user\\\\D...', 35)
#1 C:\\Users\\user\\Desktop\\AtlasSNS_ver9\\vendor\\laravel\\framework\\src\\Illuminate\\Routing\\RouteFileRegistrar.php(35): Illuminate\\Foundation\\Bootstrap\\HandleExceptions->Illuminate\\Foundation\\Bootstrap\\{closure}(2, 'require(C:\\\\User...', 'C:\\\\Users\\\\user\\\\D...', 35)
#2 C:\\Users\\user\\Desktop\\AtlasSNS_ver9\\vendor\\laravel\\framework\\src\\Illuminate\\Routing\\RouteFileRegistrar.php(35): require('C:\\\\Users\\\\user\\\\D...')
#3 C:\\Users\\user\\Desktop\\AtlasSNS_ver9\\vendor\\laravel\\framework\\src\\Illuminate\\Routing\\Router.php(503): Illuminate\\Routing\\RouteFileRegistrar->register('C:\\\\Users\\\\user\\\\D...')
#4 C:\\Users\\user\\Desktop\\AtlasSNS_ver9\\vendor\\laravel\\framework\\src\\Illuminate\\Routing\\Router.php(457): Illuminate\\Routing\\Router->loadRoutes('C:\\\\Users\\\\user\\\\D...')
#5 C:\\Users\\user\\Desktop\\AtlasSNS_ver9\\vendor\\laravel\\framework\\src\\Illuminate\\Routing\\RouteRegistrar.php(192): Illuminate\\Routing\\Router->group(Array, 'C:\\\\Users\\\\user\\\\D...')
#6 C:\\Users\\user\\Desktop\\AtlasSNS_ver9\\app\\Providers\\RouteServiceProvider.php(37): Illuminate\\Routing\\RouteRegistrar->group('C:\\\\Users\\\\user\\\\D...')
#7 C:\\Users\\user\\Desktop\\AtlasSNS_ver9\\vendor\\laravel\\framework\\src\\Illuminate\\Container\\BoundMethod.php(36): App\\Providers\\RouteServiceProvider->App\\Providers\\{closure}()
#8 C:\\Users\\user\\Desktop\\AtlasSNS_ver9\\vendor\\laravel\\framework\\src\\Illuminate\\Container\\Util.php(41): Illuminate\\Container\\BoundMethod::Illuminate\\Container\\{closure}()
#9 C:\\Users\\user\\Desktop\\AtlasSNS_ver9\\vendor\\laravel\\framework\\src\\Illuminate\\Container\\BoundMethod.php(81): Illuminate\\Container\\Util::unwrapIfClosure(Object(Closure))
#10 C:\\Users\\user\\Desktop\\AtlasSNS_ver9\\vendor\\laravel\\framework\\src\\Illuminate\\Container\\BoundMethod.php(35): Illuminate\\Container\\BoundMethod::callBoundMethod(Object(Illuminate\\Foundation\\Application), Object(Closure), Object(Closure))
#11 C:\\Users\\user\\Desktop\\AtlasSNS_ver9\\vendor\\laravel\\framework\\src\\Illuminate\\Container\\Container.php(661): Illuminate\\Container\\BoundMethod::call(Object(Illuminate\\Foundation\\Application), Object(Closure), Array, NULL)
#12 C:\\Users\\user\\Desktop\\AtlasSNS_ver9\\vendor\\laravel\\framework\\src\\Illuminate\\Foundation\\Support\\Providers\\RouteServiceProvider.php(120): Illuminate\\Container\\Container->call(Object(Closure))
#13 C:\\Users\\user\\Desktop\\AtlasSNS_ver9\\vendor\\laravel\\framework\\src\\Illuminate\\Foundation\\Support\\Providers\\RouteServiceProvider.php(45): Illuminate\\Foundation\\Support\\Providers\\RouteServiceProvider->loadRoutes()
#14 C:\\Users\\user\\Desktop\\AtlasSNS_ver9\\vendor\\laravel\\framework\\src\\Illuminate\\Container\\BoundMethod.php(36): Illuminate\\Foundation\\Support\\Providers\\RouteServiceProvider->Illuminate\\Foundation\\Support\\Providers\\{closure}()
#15 C:\\Users\\user\\Desktop\\AtlasSNS_ver9\\vendor\\laravel\\framework\\src\\Illuminate\\Container\\Util.php(41): Illuminate\\Container\\BoundMethod::Illuminate\\Container\\{closure}()
#16 C:\\Users\\user\\Desktop\\AtlasSNS_ver9\\vendor\\laravel\\framework\\src\\Illuminate\\Container\\BoundMethod.php(81): Illuminate\\Container\\Util::unwrapIfClosure(Object(Closure))
#17 C:\\Users\\user\\Desktop\\AtlasSNS_ver9\\vendor\\laravel\\framework\\src\\Illuminate\\Container\\BoundMethod.php(35): Illuminate\\Container\\BoundMethod::callBoundMethod(Object(Illuminate\\Foundation\\Application), Object(Closure), Object(Closure))
#18 C:\\Users\\user\\Desktop\\AtlasSNS_ver9\\vendor\\laravel\\framework\\src\\Illuminate\\Container\\Container.php(661): Illuminate\\Container\\BoundMethod::call(Object(Illuminate\\Foundation\\Application), Object(Closure), Array, NULL)
#19 C:\\Users\\user\\Desktop\\AtlasSNS_ver9\\vendor\\laravel\\framework\\src\\Illuminate\\Support\\ServiceProvider.php(119): Illuminate\\Container\\Container->call(Object(Closure))
#20 C:\\Users\\user\\Desktop\\AtlasSNS_ver9\\vendor\\laravel\\framework\\src\\Illuminate\\Foundation\\Application.php(957): Illuminate\\Support\\ServiceProvider->callBootedCallbacks()
#21 C:\\Users\\user\\Desktop\\AtlasSNS_ver9\\vendor\\laravel\\framework\\src\\Illuminate\\Foundation\\Application.php(935): Illuminate\\Foundation\\Application->bootProvider(Object(App\\Providers\\RouteServiceProvider))
#22 [internal function]: Illuminate\\Foundation\\Application->Illuminate\\Foundation\\{closure}(Object(App\\Providers\\RouteServiceProvider), 23)
#23 C:\\Users\\user\\Desktop\\AtlasSNS_ver9\\vendor\\laravel\\framework\\src\\Illuminate\\Foundation\\Application.php(934): array_walk(Array, Object(Closure))
#24 C:\\Users\\user\\Desktop\\AtlasSNS_ver9\\vendor\\laravel\\framework\\src\\Illuminate\\Foundation\\Bootstrap\\BootProviders.php(17): Illuminate\\Foundation\\Application->boot()
#25 C:\\Users\\user\\Desktop\\AtlasSNS_ver9\\vendor\\laravel\\framework\\src\\Illuminate\\Foundation\\Application.php(265): Illuminate\\Foundation\\Bootstrap\\BootProviders->bootstrap(Object(Illuminate\\Foundation\\Application))
#26 C:\\Users\\user\\Desktop\\AtlasSNS_ver9\\vendor\\laravel\\framework\\src\\Illuminate\\Foundation\\Console\\Kernel.php(383): Illuminate\\Foundation\\Application->bootstrapWith(Array)
#27 C:\\Users\\user\\Desktop\\AtlasSNS_ver9\\vendor\\laravel\\framework\\src\\Illuminate\\Foundation\\Console\\Kernel.php(153): Illuminate\\Foundation\\Console\\Kernel->bootstrap()
#28 C:\\Users\\user\\Desktop\\AtlasSNS_ver9\\artisan(35): Illuminate\\Foundation\\Console\\Kernel->handle(Object(Symfony\\Component\\Console\\Input\\ArgvInput), Object(Symfony\\Component\\Console\\Output\\ConsoleOutput))
#29 {main}
"} 
[2026-07-19 08:45:33] local.ERROR: require(C:\Users\user\Desktop\AtlasSNS_ver9\routes/console.php): Failed to open stream: No such file or directory {"exception":"[object] (ErrorException(code: 0): require(C:\\Users\\user\\Desktop\\AtlasSNS_ver9\\routes/console.php): Failed to open stream: No such file or directory at C:\\Users\\user\\Desktop\\AtlasSNS_ver9\\app\\Console\\Kernel.php:30)
[stacktrace]
#0 C:\\Users\\user\\Desktop\\AtlasSNS_ver9\\vendor\\laravel\\framework\\src\\Illuminate\\Foundation\\Bootstrap\\HandleExceptions.php(270): Illuminate\\Foundation\\Bootstrap\\HandleExceptions->handleError(2, 'require(C:\\\\User...', 'C:\\\\Users\\\\user\\\\D...', 30)
#1 C:\\Users\\user\\Desktop\\AtlasSNS_ver9\\app\\Console\\Kernel.php(30): Illuminate\\Foundation\\Bootstrap\\HandleExceptions->Illuminate\\Foundation\\Bootstrap\\{closure}(2, 'require(C:\\\\User...', 'C:\\\\Users\\\\user\\\\D...', 30)
#2 C:\\Users\\user\\Desktop\\AtlasSNS_ver9\\app\\Console\\Kernel.php(30): require('C:\\\\Users\\\\user\\\\D...')
#3 C:\\Users\\user\\Desktop\\AtlasSNS_ver9\\vendor\\laravel\\framework\\src\\Illuminate\\Foundation\\Console\\Kernel.php(389): App\\Console\\Kernel->commands()
#4 C:\\Users\\user\\Desktop\\AtlasSNS_ver9\\vendor\\laravel\\framework\\src\\Illuminate\\Foundation\\Console\\Kernel.php(153): Illuminate\\Foundation\\Console\\Kernel->bootstrap()
#5 C:\\Users\\user\\Desktop\\AtlasSNS_ver9\\artisan(35): Illuminate\\Foundation\\Console\\Kernel->handle(Object(Symfony\\Component\\Console\\Input\\ArgvInput), Object(Symfony\\Component\\Console\\Output\\ConsoleOutput))
#6 {main}
"} 
[2026-07-19 08:49:33] local.ERROR: require(C:\Users\user\Desktop\AtlasSNS_ver9\routes/api.php): Failed to open stream: No such file or directory {"exception":"[object] (ErrorException(code: 0): require(C:\\Users\\user\\Desktop\\AtlasSNS_ver9\\routes/api.php): Failed to open stream: No such file or directory at C:\\Users\\user\\Desktop\\AtlasSNS_ver9\\vendor\\laravel\\framework\\src\\Illuminate\\Routing\\RouteFileRegistrar.php:35)
[stacktrace]
#0 C:\\Users\\user\\Desktop\\AtlasSNS_ver9\\vendor\\laravel\\framework\\src\\Illuminate\\Foundation\\Bootstrap\\HandleExceptions.php(270): Illuminate\\Foundation\\Bootstrap\\HandleExceptions->handleError(2, 'require(C:\\\\User...', 'C:\\\\Users\\\\user\\\\D...', 35)
#1 C:\\Users\\user\\Desktop\\AtlasSNS_ver9\\vendor\\laravel\\framework\\src\\Illuminate\\Routing\\RouteFileRegistrar.php(35): Illuminate\\Foundation\\Bootstrap\\HandleExceptions->Illuminate\\Foundation\\Bootstrap\\{closure}(2, 'require(C:\\\\User...', 'C:\\\\Users\\\\user\\\\D...', 35)
#2 C:\\Users\\user\\Desktop\\AtlasSNS_ver9\\vendor\\laravel\\framework\\src\\Illuminate\\Routing\\RouteFileRegistrar.php(35): require('C:\\\\Users\\\\user\\\\D...')
#3 C:\\Users\\user\\Desktop\\AtlasSNS_ver9\\vendor\\laravel\\framework\\src\\Illuminate\\Routing\\Router.php(503): Illuminate\\Routing\\RouteFileRegistrar->register('C:\\\\Users\\\\user\\\\D...')
#4 C:\\Users\\user\\Desktop\\AtlasSNS_ver9\\vendor\\laravel\\framework\\src\\Illuminate\\Routing\\Router.php(457): Illuminate\\Routing\\Router->loadRoutes('C:\\\\Users\\\\user\\\\D...')
#5 C:\\Users\\user\\Desktop\\AtlasSNS_ver9\\vendor\\laravel\\framework\\src\\Illuminate\\Routing\\RouteRegistrar.php(192): Illuminate\\Routing\\Router->group(Array, 'C:\\\\Users\\\\user\\\\D...')
#6 C:\\Users\\user\\Desktop\\AtlasSNS_ver9\\app\\Providers\\RouteServiceProvider.php(34): Illuminate\\Routing\\RouteRegistrar->group('C:\\\\Users\\\\user\\\\D...')
#7 C:\\Users\\user\\Desktop\\AtlasSNS_ver9\\vendor\\laravel\\framework\\src\\Illuminate\\Container\\BoundMethod.php(36): App\\Providers\\RouteServiceProvider->App\\Providers\\{closure}()
#8 C:\\Users\\user\\Desktop\\AtlasSNS_ver9\\vendor\\laravel\\framework\\src\\Illuminate\\Container\\Util.php(41): Illuminate\\Container\\BoundMethod::Illuminate\\Container\\{closure}()
#9 C:\\Users\\user\\Desktop\\AtlasSNS_ver9\\vendor\\laravel\\framework\\src\\Illuminate\\Container\\BoundMethod.php(81): Illuminate\\Container\\Util::unwrapIfClosure(Object(Closure))
#10 C:\\Users\\user\\Desktop\\AtlasSNS_ver9\\vendor\\laravel\\framework\\src\\Illuminate\\Container\\BoundMethod.php(35): Illuminate\\Container\\BoundMethod::callBoundMethod(Object(Illuminate\\Foundation\\Application), Object(Closure), Object(Closure))
#11 C:\\Users\\user\\Desktop\\AtlasSNS_ver9\\vendor\\laravel\\framework\\src\\Illuminate\\Container\\Container.php(661): Illuminate\\Container\\BoundMethod::call(Object(Illuminate\\Foundation\\Application), Object(Closure), Array, NULL)
#12 C:\\Users\\user\\Desktop\\AtlasSNS_ver9\\vendor\\laravel\\framework\\src\\Illuminate\\Foundation\\Support\\Providers\\RouteServiceProvider.php(120): Illuminate\\Container\\Container->call(Object(Closure))
#13 C:\\Users\\user\\Desktop\\AtlasSNS_ver9\\vendor\\laravel\\framework\\src\\Illuminate\\Foundation\\Support\\Providers\\RouteServiceProvider.php(45): Illuminate\\Foundation\\Support\\Providers\\RouteServiceProvider->loadRoutes()
#14 C:\\Users\\user\\Desktop\\AtlasSNS_ver9\\vendor\\laravel\\framework\\src\\Illuminate\\Container\\BoundMethod.php(36): Illuminate\\Foundation\\Support\\Providers\\RouteServiceProvider->Illuminate\\Foundation\\Support\\Providers\\{closure}()
#15 C:\\Users\\user\\Desktop\\AtlasSNS_ver9\\vendor\\laravel\\framework\\src\\Illuminate\\Container\\Util.php(41): Illuminate\\Container\\BoundMethod::Illuminate\\Container\\{closure}()
#16 C:\\Users\\user\\Desktop\\AtlasSNS_ver9\\vendor\\laravel\\framework\\src\\Illuminate\\Container\\BoundMethod.php(81): Illuminate\\Container\\Util::unwrapIfClosure(Object(Closure))
#17 C:\\Users\\user\\Desktop\\AtlasSNS_ver9\\vendor\\laravel\\framework\\src\\Illuminate\\Container\\BoundMethod.php(35): Illuminate\\Container\\BoundMethod::callBoundMethod(Object(Illuminate\\Foundation\\Application), Object(Closure), Object(Closure))
#18 C:\\Users\\user\\Desktop\\AtlasSNS_ver9\\vendor\\laravel\\framework\\src\\Illuminate\\Container\\Container.php(661): Illuminate\\Container\\BoundMethod::call(Object(Illuminate\\Foundation\\Application), Object(Closure), Array, NULL)
#19 C:\\Users\\user\\Desktop\\AtlasSNS_ver9\\vendor\\laravel\\framework\\src\\Illuminate\\Support\\ServiceProvider.php(119): Illuminate\\Container\\Container->call(Object(Closure))
#20 C:\\Users\\user\\Desktop\\AtlasSNS_ver9\\vendor\\laravel\\framework\\src\\Illuminate\\Foundation\\Application.php(957): Illuminate\\Support\\ServiceProvider->callBootedCallbacks()
#21 C:\\Users\\user\\Desktop\\AtlasSNS_ver9\\vendor\\laravel\\framework\\src\\Illuminate\\Foundation\\Application.php(935): Illuminate\\Foundation\\Application->bootProvider(Object(App\\Providers\\RouteServiceProvider))
#22 [internal function]: Illuminate\\Foundation\\Application->Illuminate\\Foundation\\{closure}(Object(App\\Providers\\RouteServiceProvider), 23)
#23 C:\\Users\\user\\Desktop\\AtlasSNS_ver9\\vendor\\laravel\\framework\\src\\Illuminate\\Foundation\\Application.php(934): array_walk(Array, Object(Closure))
#24 C:\\Users\\user\\Desktop\\AtlasSNS_ver9\\vendor\\laravel\\framework\\src\\Illuminate\\Foundation\\Bootstrap\\BootProviders.php(17): Illuminate\\Foundation\\Application->boot()
#25 C:\\Users\\user\\Desktop\\AtlasSNS_ver9\\vendor\\laravel\\framework\\src\\Illuminate\\Foundation\\Application.php(265): Illuminate\\Foundation\\Bootstrap\\BootProviders->bootstrap(Object(Illuminate\\Foundation\\Application))
#26 C:\\Users\\user\\Desktop\\AtlasSNS_ver9\\vendor\\laravel\\framework\\src\\Illuminate\\Foundation\\Console\\Kernel.php(383): Illuminate\\Foundation\\Application->bootstrapWith(Array)
#27 C:\\Users\\user\\Desktop\\AtlasSNS_ver9\\vendor\\laravel\\framework\\src\\Illuminate\\Foundation\\Console\\Kernel.php(153): Illuminate\\Foundation\\Console\\Kernel->bootstrap()
#28 C:\\Users\\user\\Desktop\\AtlasSNS_ver9\\artisan(35): Illuminate\\Foundation\\Console\\Kernel->handle(Object(Symfony\\Component\\Console\\Input\\ArgvInput), Object(Symfony\\Component\\Console\\Output\\ConsoleOutput))
#29 {main}
"} 
[2026-07-19 08:51:35] local.ERROR: require(C:\Users\user\Desktop\AtlasSNS_ver9\routes/api.php): Failed to open stream: No such file or directory {"exception":"[object] (ErrorException(code: 0): require(C:\\Users\\user\\Desktop\\AtlasSNS_ver9\\routes/api.php): Failed to open stream: No such file or directory at C:\\Users\\user\\Desktop\\AtlasSNS_ver9\\vendor\\laravel\\framework\\src\\Illuminate\\Routing\\RouteFileRegistrar.php:35)
[stacktrace]
#0 C:\\Users\\user\\Desktop\\AtlasSNS_ver9\\vendor\\laravel\\framework\\src\\Illuminate\\Foundation\\Bootstrap\\HandleExceptions.php(270): Illuminate\\Foundation\\Bootstrap\\HandleExceptions->handleError(2, 'require(C:\\\\User...', 'C:\\\\Users\\\\user\\\\D...', 35)
#1 C:\\Users\\user\\Desktop\\AtlasSNS_ver9\\vendor\\laravel\\framework\\src\\Illuminate\\Routing\\RouteFileRegistrar.php(35): Illuminate\\Foundation\\Bootstrap\\HandleExceptions->Illuminate\\Foundation\\Bootstrap\\{closure}(2, 'require(C:\\\\User...', 'C:\\\\Users\\\\user\\\\D...', 35)
#2 C:\\Users\\user\\Desktop\\AtlasSNS_ver9\\vendor\\laravel\\framework\\src\\Illuminate\\Routing\\RouteFileRegistrar.php(35): require('C:\\\\Users\\\\user\\\\D...')
#3 C:\\Users\\user\\Desktop\\AtlasSNS_ver9\\vendor\\laravel\\framework\\src\\Illuminate\\Routing\\Router.php(503): Illuminate\\Routing\\RouteFileRegistrar->register('C:\\\\Users\\\\user\\\\D...')
#4 C:\\Users\\user\\Desktop\\AtlasSNS_ver9\\vendor\\laravel\\framework\\src\\Illuminate\\Routing\\Router.php(457): Illuminate\\Routing\\Router->loadRoutes('C:\\\\Users\\\\user\\\\D...')
#5 C:\\Users\\user\\Desktop\\AtlasSNS_ver9\\vendor\\laravel\\framework\\src\\Illuminate\\Routing\\RouteRegistrar.php(192): Illuminate\\Routing\\Router->group(Array, 'C:\\\\Users\\\\user\\\\D...')
#6 C:\\Users\\user\\Desktop\\AtlasSNS_ver9\\app\\Providers\\RouteServiceProvider.php(34): Illuminate\\Routing\\RouteRegistrar->group('C:\\\\Users\\\\user\\\\D...')
#7 C:\\Users\\user\\Desktop\\AtlasSNS_ver9\\vendor\\laravel\\framework\\src\\Illuminate\\Container\\BoundMethod.php(36): App\\Providers\\RouteServiceProvider->App\\Providers\\{closure}()
#8 C:\\Users\\user\\Desktop\\AtlasSNS_ver9\\vendor\\laravel\\framework\\src\\Illuminate\\Container\\Util.php(41): Illuminate\\Container\\BoundMethod::Illuminate\\Container\\{closure}()
#9 C:\\Users\\user\\Desktop\\AtlasSNS_ver9\\vendor\\laravel\\framework\\src\\Illuminate\\Container\\BoundMethod.php(81): Illuminate\\Container\\Util::unwrapIfClosure(Object(Closure))
#10 C:\\Users\\user\\Desktop\\AtlasSNS_ver9\\vendor\\laravel\\framework\\src\\Illuminate\\Container\\BoundMethod.php(35): Illuminate\\Container\\BoundMethod::callBoundMethod(Object(Illuminate\\Foundation\\Application), Object(Closure), Object(Closure))
#11 C:\\Users\\user\\Desktop\\AtlasSNS_ver9\\vendor\\laravel\\framework\\src\\Illuminate\\Container\\Container.php(661): Illuminate\\Container\\BoundMethod::call(Object(Illuminate\\Foundation\\Application), Object(Closure), Array, NULL)
#12 C:\\Users\\user\\Desktop\\AtlasSNS_ver9\\vendor\\laravel\\framework\\src\\Illuminate\\Foundation\\Support\\Providers\\RouteServiceProvider.php(120): Illuminate\\Container\\Container->call(Object(Closure))
#13 C:\\Users\\user\\Desktop\\AtlasSNS_ver9\\vendor\\laravel\\framework\\src\\Illuminate\\Foundation\\Support\\Providers\\RouteServiceProvider.php(45): Illuminate\\Foundation\\Support\\Providers\\RouteServiceProvider->loadRoutes()
#14 C:\\Users\\user\\Desktop\\AtlasSNS_ver9\\vendor\\laravel\\framework\\src\\Illuminate\\Container\\BoundMethod.php(36): Illuminate\\Foundation\\Support\\Providers\\RouteServiceProvider->Illuminate\\Foundation\\Support\\Providers\\{closure}()
#15 C:\\Users\\user\\Desktop\\AtlasSNS_ver9\\vendor\\laravel\\framework\\src\\Illuminate\\Container\\Util.php(41): Illuminate\\Container\\BoundMethod::Illuminate\\Container\\{closure}()
#16 C:\\Users\\user\\Desktop\\AtlasSNS_ver9\\vendor\\laravel\\framework\\src\\Illuminate\\Container\\BoundMethod.php(81): Illuminate\\Container\\Util::unwrapIfClosure(Object(Closure))
#17 C:\\Users\\user\\Desktop\\AtlasSNS_ver9\\vendor\\laravel\\framework\\src\\Illuminate\\Container\\BoundMethod.php(35): Illuminate\\Container\\BoundMethod::callBoundMethod(Object(Illuminate\\Foundation\\Application), Object(Closure), Object(Closure))
#18 C:\\Users\\user\\Desktop\\AtlasSNS_ver9\\vendor\\laravel\\framework\\src\\Illuminate\\Container\\Container.php(661): Illuminate\\Container\\BoundMethod::call(Object(Illuminate\\Foundation\\Application), Object(Closure), Array, NULL)
#19 C:\\Users\\user\\Desktop\\AtlasSNS_ver9\\vendor\\laravel\\framework\\src\\Illuminate\\Support\\ServiceProvider.php(119): Illuminate\\Container\\Container->call(Object(Closure))
#20 C:\\Users\\user\\Desktop\\AtlasSNS_ver9\\vendor\\laravel\\framework\\src\\Illuminate\\Foundation\\Application.php(957): Illuminate\\Support\\ServiceProvider->callBootedCallbacks()
#21 C:\\Users\\user\\Desktop\\AtlasSNS_ver9\\vendor\\laravel\\framework\\src\\Illuminate\\Foundation\\Application.php(935): Illuminate\\Foundation\\Application->bootProvider(Object(App\\Providers\\RouteServiceProvider))
#22 [internal function]: Illuminate\\Foundation\\Application->Illuminate\\Foundation\\{closure}(Object(App\\Providers\\RouteServiceProvider), 23)
#23 C:\\Users\\user\\Desktop\\AtlasSNS_ver9\\vendor\\laravel\\framework\\src\\Illuminate\\Foundation\\Application.php(934): array_walk(Array, Object(Closure))
#24 C:\\Users\\user\\Desktop\\AtlasSNS_ver9\\vendor\\laravel\\framework\\src\\Illuminate\\Foundation\\Bootstrap\\BootProviders.php(17): Illuminate\\Foundation\\Application->boot()
#25 C:\\Users\\user\\Desktop\\AtlasSNS_ver9\\vendor\\laravel\\framework\\src\\Illuminate\\Foundation\\Application.php(265): Illuminate\\Foundation\\Bootstrap\\BootProviders->bootstrap(Object(Illuminate\\Foundation\\Application))
#26 C:\\Users\\user\\Desktop\\AtlasSNS_ver9\\vendor\\laravel\\framework\\src\\Illuminate\\Foundation\\Console\\Kernel.php(383): Illuminate\\Foundation\\Application->bootstrapWith(Array)
#27 C:\\Users\\user\\Desktop\\AtlasSNS_ver9\\vendor\\laravel\\framework\\src\\Illuminate\\Foundation\\Console\\Kernel.php(153): Illuminate\\Foundation\\Console\\Kernel->bootstrap()
#28 C:\\Users\\user\\Desktop\\AtlasSNS_ver9\\artisan(35): Illuminate\\Foundation\\Console\\Kernel->handle(Object(Symfony\\Component\\Console\\Input\\ArgvInput), Object(Symfony\\Component\\Console\\Output\\ConsoleOutput))
#29 {main}
"} 
[2026-07-19 08:51:45] local.ERROR: require(C:\Users\user\Desktop\AtlasSNS_ver9\routes/api.php): Failed to open stream: No such file or directory {"exception":"[object] (ErrorException(code: 0): require(C:\\Users\\user\\Desktop\\AtlasSNS_ver9\\routes/api.php): Failed to open stream: No such file or directory at C:\\Users\\user\\Desktop\\AtlasSNS_ver9\\vendor\\laravel\\framework\\src\\Illuminate\\Routing\\RouteFileRegistrar.php:35)
[stacktrace]
#0 C:\\Users\\user\\Desktop\\AtlasSNS_ver9\\vendor\\laravel\\framework\\src\\Illuminate\\Foundation\\Bootstrap\\HandleExceptions.php(270): Illuminate\\Foundation\\Bootstrap\\HandleExceptions->handleError(2, 'require(C:\\\\User...', 'C:\\\\Users\\\\user\\\\D...', 35)
#1 C:\\Users\\user\\Desktop\\AtlasSNS_ver9\\vendor\\laravel\\framework\\src\\Illuminate\\Routing\\RouteFileRegistrar.php(35): Illuminate\\Foundation\\Bootstrap\\HandleExceptions->Illuminate\\Foundation\\Bootstrap\\{closure}(2, 'require(C:\\\\User...', 'C:\\\\Users\\\\user\\\\D...', 35)
#2 C:\\Users\\user\\Desktop\\AtlasSNS_ver9\\vendor\\laravel\\framework\\src\\Illuminate\\Routing\\RouteFileRegistrar.php(35): require('C:\\\\Users\\\\user\\\\D...')
#3 C:\\Users\\user\\Desktop\\AtlasSNS_ver9\\vendor\\laravel\\framework\\src\\Illuminate\\Routing\\Router.php(503): Illuminate\\Routing\\RouteFileRegistrar->register('C:\\\\Users\\\\user\\\\D...')
#4 C:\\Users\\user\\Desktop\\AtlasSNS_ver9\\vendor\\laravel\\framework\\src\\Illuminate\\Routing\\Router.php(457): Illuminate\\Routing\\Router->loadRoutes('C:\\\\Users\\\\user\\\\D...')
#5 C:\\Users\\user\\Desktop\\AtlasSNS_ver9\\vendor\\laravel\\framework\\src\\Illuminate\\Routing\\RouteRegistrar.php(192): Illuminate\\Routing\\Router->group(Array, 'C:\\\\Users\\\\user\\\\D...')
#6 C:\\Users\\user\\Desktop\\AtlasSNS_ver9\\app\\Providers\\RouteServiceProvider.php(34): Illuminate\\Routing\\RouteRegistrar->group('C:\\\\Users\\\\user\\\\D...')
#7 C:\\Users\\user\\Desktop\\AtlasSNS_ver9\\vendor\\laravel\\framework\\src\\Illuminate\\Container\\BoundMethod.php(36): App\\Providers\\RouteServiceProvider->App\\Providers\\{closure}()
#8 C:\\Users\\user\\Desktop\\AtlasSNS_ver9\\vendor\\laravel\\framework\\src\\Illuminate\\Container\\Util.php(41): Illuminate\\Container\\BoundMethod::Illuminate\\Container\\{closure}()
#9 C:\\Users\\user\\Desktop\\AtlasSNS_ver9\\vendor\\laravel\\framework\\src\\Illuminate\\Container\\BoundMethod.php(81): Illuminate\\Container\\Util::unwrapIfClosure(Object(Closure))
#10 C:\\Users\\user\\Desktop\\AtlasSNS_ver9\\vendor\\laravel\\framework\\src\\Illuminate\\Container\\BoundMethod.php(35): Illuminate\\Container\\BoundMethod::callBoundMethod(Object(Illuminate\\Foundation\\Application), Object(Closure), Object(Closure))
#11 C:\\Users\\user\\Desktop\\AtlasSNS_ver9\\vendor\\laravel\\framework\\src\\Illuminate\\Container\\Container.php(661): Illuminate\\Container\\BoundMethod::call(Object(Illuminate\\Foundation\\Application), Object(Closure), Array, NULL)
#12 C:\\Users\\user\\Desktop\\AtlasSNS_ver9\\vendor\\laravel\\framework\\src\\Illuminate\\Foundation\\Support\\Providers\\RouteServiceProvider.php(120): Illuminate\\Container\\Container->call(Object(Closure))
#13 C:\\Users\\user\\Desktop\\AtlasSNS_ver9\\vendor\\laravel\\framework\\src\\Illuminate\\Foundation\\Support\\Providers\\RouteServiceProvider.php(45): Illuminate\\Foundation\\Support\\Providers\\RouteServiceProvider->loadRoutes()
#14 C:\\Users\\user\\Desktop\\AtlasSNS_ver9\\vendor\\laravel\\framework\\src\\Illuminate\\Container\\BoundMethod.php(36): Illuminate\\Foundation\\Support\\Providers\\RouteServiceProvider->Illuminate\\Foundation\\Support\\Providers\\{closure}()
#15 C:\\Users\\user\\Desktop\\AtlasSNS_ver9\\vendor\\laravel\\framework\\src\\Illuminate\\Container\\Util.php(41): Illuminate\\Container\\BoundMethod::Illuminate\\Container\\{closure}()
#16 C:\\Users\\user\\Desktop\\AtlasSNS_ver9\\vendor\\laravel\\framework\\src\\Illuminate\\Container\\BoundMethod.php(81): Illuminate\\Container\\Util::unwrapIfClosure(Object(Closure))
#17 C:\\Users\\user\\Desktop\\AtlasSNS_ver9\\vendor\\laravel\\framework\\src\\Illuminate\\Container\\BoundMethod.php(35): Illuminate\\Container\\BoundMethod::callBoundMethod(Object(Illuminate\\Foundation\\Application), Object(Closure), Object(Closure))
#18 C:\\Users\\user\\Desktop\\AtlasSNS_ver9\\vendor\\laravel\\framework\\src\\Illuminate\\Container\\Container.php(661): Illuminate\\Container\\BoundMethod::call(Object(Illuminate\\Foundation\\Application), Object(Closure), Array, NULL)
#19 C:\\Users\\user\\Desktop\\AtlasSNS_ver9\\vendor\\laravel\\framework\\src\\Illuminate\\Support\\ServiceProvider.php(119): Illuminate\\Container\\Container->call(Object(Closure))
#20 C:\\Users\\user\\Desktop\\AtlasSNS_ver9\\vendor\\laravel\\framework\\src\\Illuminate\\Foundation\\Application.php(957): Illuminate\\Support\\ServiceProvider->callBootedCallbacks()
#21 C:\\Users\\user\\Desktop\\AtlasSNS_ver9\\vendor\\laravel\\framework\\src\\Illuminate\\Foundation\\Application.php(935): Illuminate\\Foundation\\Application->bootProvider(Object(App\\Providers\\RouteServiceProvider))
#22 [internal function]: Illuminate\\Foundation\\Application->Illuminate\\Foundation\\{closure}(Object(App\\Providers\\RouteServiceProvider), 23)
#23 C:\\Users\\user\\Desktop\\AtlasSNS_ver9\\vendor\\laravel\\framework\\src\\Illuminate\\Foundation\\Application.php(934): array_walk(Array, Object(Closure))
#24 C:\\Users\\user\\Desktop\\AtlasSNS_ver9\\vendor\\laravel\\framework\\src\\Illuminate\\Foundation\\Bootstrap\\BootProviders.php(17): Illuminate\\Foundation\\Application->boot()
#25 C:\\Users\\user\\Desktop\\AtlasSNS_ver9\\vendor\\laravel\\framework\\src\\Illuminate\\Foundation\\Application.php(265): Illuminate\\Foundation\\Bootstrap\\BootProviders->bootstrap(Object(Illuminate\\Foundation\\Application))
#26 C:\\Users\\user\\Desktop\\AtlasSNS_ver9\\vendor\\laravel\\framework\\src\\Illuminate\\Foundation\\Console\\Kernel.php(383): Illuminate\\Foundation\\Application->bootstrapWith(Array)
#27 C:\\Users\\user\\Desktop\\AtlasSNS_ver9\\vendor\\laravel\\framework\\src\\Illuminate\\Foundation\\Console\\Kernel.php(153): Illuminate\\Foundation\\Console\\Kernel->bootstrap()
#28 C:\\Users\\user\\Desktop\\AtlasSNS_ver9\\artisan(35): Illuminate\\Foundation\\Console\\Kernel->handle(Object(Symfony\\Component\\Console\\Input\\ArgvInput), Object(Symfony\\Component\\Console\\Output\\ConsoleOutput))
#29 {main}
"} 
[2026-07-19 08:52:23] local.ERROR: require(C:\Users\user\Desktop\AtlasSNS_ver9\routes/api.php): Failed to open stream: No such file or directory {"exception":"[object] (ErrorException(code: 0): require(C:\\Users\\user\\Desktop\\AtlasSNS_ver9\\routes/api.php): Failed to open stream: No such file or directory at C:\\Users\\user\\Desktop\\AtlasSNS_ver9\\vendor\\laravel\\framework\\src\\Illuminate\\Routing\\RouteFileRegistrar.php:35)
[stacktrace]
#0 C:\\Users\\user\\Desktop\\AtlasSNS_ver9\\vendor\\laravel\\framework\\src\\Illuminate\\Foundation\\Bootstrap\\HandleExceptions.php(270): Illuminate\\Foundation\\Bootstrap\\HandleExceptions->handleError(2, 'require(C:\\\\User...', 'C:\\\\Users\\\\user\\\\D...', 35)
#1 C:\\Users\\user\\Desktop\\AtlasSNS_ver9\\vendor\\laravel\\framework\\src\\Illuminate\\Routing\\RouteFileRegistrar.php(35): Illuminate\\Foundation\\Bootstrap\\HandleExceptions->Illuminate\\Foundation\\Bootstrap\\{closure}(2, 'require(C:\\\\User...', 'C:\\\\Users\\\\user\\\\D...', 35)
#2 C:\\Users\\user\\Desktop\\AtlasSNS_ver9\\vendor\\laravel\\framework\\src\\Illuminate\\Routing\\RouteFileRegistrar.php(35): require('C:\\\\Users\\\\user\\\\D...')
#3 C:\\Users\\user\\Desktop\\AtlasSNS_ver9\\vendor\\laravel\\framework\\src\\Illuminate\\Routing\\Router.php(503): Illuminate\\Routing\\RouteFileRegistrar->register('C:\\\\Users\\\\user\\\\D...')
#4 C:\\Users\\user\\Desktop\\AtlasSNS_ver9\\vendor\\laravel\\framework\\src\\Illuminate\\Routing\\Router.php(457): Illuminate\\Routing\\Router->loadRoutes('C:\\\\Users\\\\user\\\\D...')
#5 C:\\Users\\user\\Desktop\\AtlasSNS_ver9\\vendor\\laravel\\framework\\src\\Illuminate\\Routing\\RouteRegistrar.php(192): Illuminate\\Routing\\Router->group(Array, 'C:\\\\Users\\\\user\\\\D...')
#6 C:\\Users\\user\\Desktop\\AtlasSNS_ver9\\app\\Providers\\RouteServiceProvider.php(34): Illuminate\\Routing\\RouteRegistrar->group('C:\\\\Users\\\\user\\\\D...')
#7 C:\\Users\\user\\Desktop\\AtlasSNS_ver9\\vendor\\laravel\\framework\\src\\Illuminate\\Container\\BoundMethod.php(36): App\\Providers\\RouteServiceProvider->App\\Providers\\{closure}()
#8 C:\\Users\\user\\Desktop\\AtlasSNS_ver9\\vendor\\laravel\\framework\\src\\Illuminate\\Container\\Util.php(41): Illuminate\\Container\\BoundMethod::Illuminate\\Container\\{closure}()
#9 C:\\Users\\user\\Desktop\\AtlasSNS_ver9\\vendor\\laravel\\framework\\src\\Illuminate\\Container\\BoundMethod.php(81): Illuminate\\Container\\Util::unwrapIfClosure(Object(Closure))
#10 C:\\Users\\user\\Desktop\\AtlasSNS_ver9\\vendor\\laravel\\framework\\src\\Illuminate\\Container\\BoundMethod.php(35): Illuminate\\Container\\BoundMethod::callBoundMethod(Object(Illuminate\\Foundation\\Application), Object(Closure), Object(Closure))
#11 C:\\Users\\user\\Desktop\\AtlasSNS_ver9\\vendor\\laravel\\framework\\src\\Illuminate\\Container\\Container.php(661): Illuminate\\Container\\BoundMethod::call(Object(Illuminate\\Foundation\\Application), Object(Closure), Array, NULL)
#12 C:\\Users\\user\\Desktop\\AtlasSNS_ver9\\vendor\\laravel\\framework\\src\\Illuminate\\Foundation\\Support\\Providers\\RouteServiceProvider.php(120): Illuminate\\Container\\Container->call(Object(Closure))
#13 C:\\Users\\user\\Desktop\\AtlasSNS_ver9\\vendor\\laravel\\framework\\src\\Illuminate\\Foundation\\Support\\Providers\\RouteServiceProvider.php(45): Illuminate\\Foundation\\Support\\Providers\\RouteServiceProvider->loadRoutes()
#14 C:\\Users\\user\\Desktop\\AtlasSNS_ver9\\vendor\\laravel\\framework\\src\\Illuminate\\Container\\BoundMethod.php(36): Illuminate\\Foundation\\Support\\Providers\\RouteServiceProvider->Illuminate\\Foundation\\Support\\Providers\\{closure}()
#15 C:\\Users\\user\\Desktop\\AtlasSNS_ver9\\vendor\\laravel\\framework\\src\\Illuminate\\Container\\Util.php(41): Illuminate\\Container\\BoundMethod::Illuminate\\Container\\{closure}()
#16 C:\\Users\\user\\Desktop\\AtlasSNS_ver9\\vendor\\laravel\\framework\\src\\Illuminate\\Container\\BoundMethod.php(81): Illuminate\\Container\\Util::unwrapIfClosure(Object(Closure))
#17 C:\\Users\\user\\Desktop\\AtlasSNS_ver9\\vendor\\laravel\\framework\\src\\Illuminate\\Container\\BoundMethod.php(35): Illuminate\\Container\\BoundMethod::callBoundMethod(Object(Illuminate\\Foundation\\Application), Object(Closure), Object(Closure))
#18 C:\\Users\\user\\Desktop\\AtlasSNS_ver9\\vendor\\laravel\\framework\\src\\Illuminate\\Container\\Container.php(661): Illuminate\\Container\\BoundMethod::call(Object(Illuminate\\Foundation\\Application), Object(Closure), Array, NULL)
#19 C:\\Users\\user\\Desktop\\AtlasSNS_ver9\\vendor\\laravel\\framework\\src\\Illuminate\\Support\\ServiceProvider.php(119): Illuminate\\Container\\Container->call(Object(Closure))
#20 C:\\Users\\user\\Desktop\\AtlasSNS_ver9\\vendor\\laravel\\framework\\src\\Illuminate\\Foundation\\Application.php(957): Illuminate\\Support\\ServiceProvider->callBootedCallbacks()
#21 C:\\Users\\user\\Desktop\\AtlasSNS_ver9\\vendor\\laravel\\framework\\src\\Illuminate\\Foundation\\Application.php(935): Illuminate\\Foundation\\Application->bootProvider(Object(App\\Providers\\RouteServiceProvider))
#22 [internal function]: Illuminate\\Foundation\\Application->Illuminate\\Foundation\\{closure}(Object(App\\Providers\\RouteServiceProvider), 23)
#23 C:\\Users\\user\\Desktop\\AtlasSNS_ver9\\vendor\\laravel\\framework\\src\\Illuminate\\Foundation\\Application.php(934): array_walk(Array, Object(Closure))
#24 C:\\Users\\user\\Desktop\\AtlasSNS_ver9\\vendor\\laravel\\framework\\src\\Illuminate\\Foundation\\Bootstrap\\BootProviders.php(17): Illuminate\\Foundation\\Application->boot()
#25 C:\\Users\\user\\Desktop\\AtlasSNS_ver9\\vendor\\laravel\\framework\\src\\Illuminate\\Foundation\\Application.php(265): Illuminate\\Foundation\\Bootstrap\\BootProviders->bootstrap(Object(Illuminate\\Foundation\\Application))
#26 C:\\Users\\user\\Desktop\\AtlasSNS_ver9\\vendor\\laravel\\framework\\src\\Illuminate\\Foundation\\Console\\Kernel.php(383): Illuminate\\Foundation\\Application->bootstrapWith(Array)
#27 C:\\Users\\user\\Desktop\\AtlasSNS_ver9\\vendor\\laravel\\framework\\src\\Illuminate\\Foundation\\Console\\Kernel.php(153): Illuminate\\Foundation\\Console\\Kernel->bootstrap()
#28 C:\\Users\\user\\Desktop\\AtlasSNS_ver9\\artisan(35): Illuminate\\Foundation\\Console\\Kernel->handle(Object(Symfony\\Component\\Console\\Input\\ArgvInput), Object(Symfony\\Component\\Console\\Output\\ConsoleOutput))
#29 {main}
"} 
[2026-07-19 08:54:07] local.ERROR: require(C:\Users\user\Desktop\AtlasSNS_ver9\routes/api.php): Failed to open stream: No such file or directory {"exception":"[object] (ErrorException(code: 0): require(C:\\Users\\user\\Desktop\\AtlasSNS_ver9\\routes/api.php): Failed to open stream: No such file or directory at C:\\Users\\user\\Desktop\\AtlasSNS_ver9\\vendor\\laravel\\framework\\src\\Illuminate\\Routing\\RouteFileRegistrar.php:35)
[stacktrace]
#0 C:\\Users\\user\\Desktop\\AtlasSNS_ver9\\vendor\\laravel\\framework\\src\\Illuminate\\Foundation\\Bootstrap\\HandleExceptions.php(270): Illuminate\\Foundation\\Bootstrap\\HandleExceptions->handleError(2, 'require(C:\\\\User...', 'C:\\\\Users\\\\user\\\\D...', 35)
#1 C:\\Users\\user\\Desktop\\AtlasSNS_ver9\\vendor\\laravel\\framework\\src\\Illuminate\\Routing\\RouteFileRegistrar.php(35): Illuminate\\Foundation\\Bootstrap\\HandleExceptions->Illuminate\\Foundation\\Bootstrap\\{closure}(2, 'require(C:\\\\User...', 'C:\\\\Users\\\\user\\\\D...', 35)
#2 C:\\Users\\user\\Desktop\\AtlasSNS_ver9\\vendor\\laravel\\framework\\src\\Illuminate\\Routing\\RouteFileRegistrar.php(35): require('C:\\\\Users\\\\user\\\\D...')
#3 C:\\Users\\user\\Desktop\\AtlasSNS_ver9\\vendor\\laravel\\framework\\src\\Illuminate\\Routing\\Router.php(503): Illuminate\\Routing\\RouteFileRegistrar->register('C:\\\\Users\\\\user\\\\D...')
#4 C:\\Users\\user\\Desktop\\AtlasSNS_ver9\\vendor\\laravel\\framework\\src\\Illuminate\\Routing\\Router.php(457): Illuminate\\Routing\\Router->loadRoutes('C:\\\\Users\\\\user\\\\D...')
#5 C:\\Users\\user\\Desktop\\AtlasSNS_ver9\\vendor\\laravel\\framework\\src\\Illuminate\\Routing\\RouteRegistrar.php(192): Illuminate\\Routing\\Router->group(Array, 'C:\\\\Users\\\\user\\\\D...')
#6 C:\\Users\\user\\Desktop\\AtlasSNS_ver9\\app\\Providers\\RouteServiceProvider.php(34): Illuminate\\Routing\\RouteRegistrar->group('C:\\\\Users\\\\user\\\\D...')
#7 C:\\Users\\user\\Desktop\\AtlasSNS_ver9\\vendor\\laravel\\framework\\src\\Illuminate\\Container\\BoundMethod.php(36): App\\Providers\\RouteServiceProvider->App\\Providers\\{closure}()
#8 C:\\Users\\user\\Desktop\\AtlasSNS_ver9\\vendor\\laravel\\framework\\src\\Illuminate\\Container\\Util.php(41): Illuminate\\Container\\BoundMethod::Illuminate\\Container\\{closure}()
#9 C:\\Users\\user\\Desktop\\AtlasSNS_ver9\\vendor\\laravel\\framework\\src\\Illuminate\\Container\\BoundMethod.php(81): Illuminate\\Container\\Util::unwrapIfClosure(Object(Closure))
#10 C:\\Users\\user\\Desktop\\AtlasSNS_ver9\\vendor\\laravel\\framework\\src\\Illuminate\\Container\\BoundMethod.php(35): Illuminate\\Container\\BoundMethod::callBoundMethod(Object(Illuminate\\Foundation\\Application), Object(Closure), Object(Closure))
#11 C:\\Users\\user\\Desktop\\AtlasSNS_ver9\\vendor\\laravel\\framework\\src\\Illuminate\\Container\\Container.php(661): Illuminate\\Container\\BoundMethod::call(Object(Illuminate\\Foundation\\Application), Object(Closure), Array, NULL)
#12 C:\\Users\\user\\Desktop\\AtlasSNS_ver9\\vendor\\laravel\\framework\\src\\Illuminate\\Foundation\\Support\\Providers\\RouteServiceProvider.php(120): Illuminate\\Container\\Container->call(Object(Closure))
#13 C:\\Users\\user\\Desktop\\AtlasSNS_ver9\\vendor\\laravel\\framework\\src\\Illuminate\\Foundation\\Support\\Providers\\RouteServiceProvider.php(45): Illuminate\\Foundation\\Support\\Providers\\RouteServiceProvider->loadRoutes()
#14 C:\\Users\\user\\Desktop\\AtlasSNS_ver9\\vendor\\laravel\\framework\\src\\Illuminate\\Container\\BoundMethod.php(36): Illuminate\\Foundation\\Support\\Providers\\RouteServiceProvider->Illuminate\\Foundation\\Support\\Providers\\{closure}()
#15 C:\\Users\\user\\Desktop\\AtlasSNS_ver9\\vendor\\laravel\\framework\\src\\Illuminate\\Container\\Util.php(41): Illuminate\\Container\\BoundMethod::Illuminate\\Container\\{closure}()
#16 C:\\Users\\user\\Desktop\\AtlasSNS_ver9\\vendor\\laravel\\framework\\src\\Illuminate\\Container\\BoundMethod.php(81): Illuminate\\Container\\Util::unwrapIfClosure(Object(Closure))
#17 C:\\Users\\user\\Desktop\\AtlasSNS_ver9\\vendor\\laravel\\framework\\src\\Illuminate\\Container\\BoundMethod.php(35): Illuminate\\Container\\BoundMethod::callBoundMethod(Object(Illuminate\\Foundation\\Application), Object(Closure), Object(Closure))
#18 C:\\Users\\user\\Desktop\\AtlasSNS_ver9\\vendor\\laravel\\framework\\src\\Illuminate\\Container\\Container.php(661): Illuminate\\Container\\BoundMethod::call(Object(Illuminate\\Foundation\\Application), Object(Closure), Array, NULL)
#19 C:\\Users\\user\\Desktop\\AtlasSNS_ver9\\vendor\\laravel\\framework\\src\\Illuminate\\Support\\ServiceProvider.php(119): Illuminate\\Container\\Container->call(Object(Closure))
#20 C:\\Users\\user\\Desktop\\AtlasSNS_ver9\\vendor\\laravel\\framework\\src\\Illuminate\\Foundation\\Application.php(957): Illuminate\\Support\\ServiceProvider->callBootedCallbacks()
#21 C:\\Users\\user\\Desktop\\AtlasSNS_ver9\\vendor\\laravel\\framework\\src\\Illuminate\\Foundation\\Application.php(935): Illuminate\\Foundation\\Application->bootProvider(Object(App\\Providers\\RouteServiceProvider))
#22 [internal function]: Illuminate\\Foundation\\Application->Illuminate\\Foundation\\{closure}(Object(App\\Providers\\RouteServiceProvider), 23)
#23 C:\\Users\\user\\Desktop\\AtlasSNS_ver9\\vendor\\laravel\\framework\\src\\Illuminate\\Foundation\\Application.php(934): array_walk(Array, Object(Closure))
#24 C:\\Users\\user\\Desktop\\AtlasSNS_ver9\\vendor\\laravel\\framework\\src\\Illuminate\\Foundation\\Bootstrap\\BootProviders.php(17): Illuminate\\Foundation\\Application->boot()
#25 C:\\Users\\user\\Desktop\\AtlasSNS_ver9\\vendor\\laravel\\framework\\src\\Illuminate\\Foundation\\Application.php(265): Illuminate\\Foundation\\Bootstrap\\BootProviders->bootstrap(Object(Illuminate\\Foundation\\Application))
#26 C:\\Users\\user\\Desktop\\AtlasSNS_ver9\\vendor\\laravel\\framework\\src\\Illuminate\\Foundation\\Console\\Kernel.php(383): Illuminate\\Foundation\\Application->bootstrapWith(Array)
#27 C:\\Users\\user\\Desktop\\AtlasSNS_ver9\\vendor\\laravel\\framework\\src\\Illuminate\\Foundation\\Console\\Kernel.php(153): Illuminate\\Foundation\\Console\\Kernel->bootstrap()
#28 C:\\Users\\user\\Desktop\\AtlasSNS_ver9\\artisan(35): Illuminate\\Foundation\\Console\\Kernel->handle(Object(Symfony\\Component\\Console\\Input\\ArgvInput), Object(Symfony\\Component\\Console\\Output\\ConsoleOutput))
#29 {main}
"} 
[2026-07-19 09:25:44] local.ERROR: require(C:\Users\user\Desktop\AtlasSNS_ver9\routes/web.php): Failed to open stream: No such file or directory {"exception":"[object] (ErrorException(code: 0): require(C:\\Users\\user\\Desktop\\AtlasSNS_ver9\\routes/web.php): Failed to open stream: No such file or directory at C:\\Users\\user\\Desktop\\AtlasSNS_ver9\\vendor\\laravel\\framework\\src\\Illuminate\\Routing\\RouteFileRegistrar.php:35)
[stacktrace]
#0 C:\\Users\\user\\Desktop\\AtlasSNS_ver9\\vendor\\laravel\\framework\\src\\Illuminate\\Foundation\\Bootstrap\\HandleExceptions.php(270): Illuminate\\Foundation\\Bootstrap\\HandleExceptions->handleError(2, 'require(C:\\\\User...', 'C:\\\\Users\\\\user\\\\D...', 35)
#1 C:\\Users\\user\\Desktop\\AtlasSNS_ver9\\vendor\\laravel\\framework\\src\\Illuminate\\Routing\\RouteFileRegistrar.php(35): Illuminate\\Foundation\\Bootstrap\\HandleExceptions->Illuminate\\Foundation\\Bootstrap\\{closure}(2, 'require(C:\\\\User...', 'C:\\\\Users\\\\user\\\\D...', 35)
#2 C:\\Users\\user\\Desktop\\AtlasSNS_ver9\\vendor\\laravel\\framework\\src\\Illuminate\\Routing\\RouteFileRegistrar.php(35): require('C:\\\\Users\\\\user\\\\D...')
#3 C:\\Users\\user\\Desktop\\AtlasSNS_ver9\\vendor\\laravel\\framework\\src\\Illuminate\\Routing\\Router.php(503): Illuminate\\Routing\\RouteFileRegistrar->register('C:\\\\Users\\\\user\\\\D...')
#4 C:\\Users\\user\\Desktop\\AtlasSNS_ver9\\vendor\\laravel\\framework\\src\\Illuminate\\Routing\\Router.php(457): Illuminate\\Routing\\Router->loadRoutes('C:\\\\Users\\\\user\\\\D...')
#5 C:\\Users\\user\\Desktop\\AtlasSNS_ver9\\vendor\\laravel\\framework\\src\\Illuminate\\Routing\\RouteRegistrar.php(192): Illuminate\\Routing\\Router->group(Array, 'C:\\\\Users\\\\user\\\\D...')
#6 C:\\Users\\user\\Desktop\\AtlasSNS_ver9\\app\\Providers\\RouteServiceProvider.php(37): Illuminate\\Routing\\RouteRegistrar->group('C:\\\\Users\\\\user\\\\D...')
#7 C:\\Users\\user\\Desktop\\AtlasSNS_ver9\\vendor\\laravel\\framework\\src\\Illuminate\\Container\\BoundMethod.php(36): App\\Providers\\RouteServiceProvider->App\\Providers\\{closure}()
#8 C:\\Users\\user\\Desktop\\AtlasSNS_ver9\\vendor\\laravel\\framework\\src\\Illuminate\\Container\\Util.php(41): Illuminate\\Container\\BoundMethod::Illuminate\\Container\\{closure}()
#9 C:\\Users\\user\\Desktop\\AtlasSNS_ver9\\vendor\\laravel\\framework\\src\\Illuminate\\Container\\BoundMethod.php(81): Illuminate\\Container\\Util::unwrapIfClosure(Object(Closure))
#10 C:\\Users\\user\\Desktop\\AtlasSNS_ver9\\vendor\\laravel\\framework\\src\\Illuminate\\Container\\BoundMethod.php(35): Illuminate\\Container\\BoundMethod::callBoundMethod(Object(Illuminate\\Foundation\\Application), Object(Closure), Object(Closure))
#11 C:\\Users\\user\\Desktop\\AtlasSNS_ver9\\vendor\\laravel\\framework\\src\\Illuminate\\Container\\Container.php(661): Illuminate\\Container\\BoundMethod::call(Object(Illuminate\\Foundation\\Application), Object(Closure), Array, NULL)
#12 C:\\Users\\user\\Desktop\\AtlasSNS_ver9\\vendor\\laravel\\framework\\src\\Illuminate\\Foundation\\Support\\Providers\\RouteServiceProvider.php(120): Illuminate\\Container\\Container->call(Object(Closure))
#13 C:\\Users\\user\\Desktop\\AtlasSNS_ver9\\vendor\\laravel\\framework\\src\\Illuminate\\Foundation\\Support\\Providers\\RouteServiceProvider.php(45): Illuminate\\Foundation\\Support\\Providers\\RouteServiceProvider->loadRoutes()
#14 C:\\Users\\user\\Desktop\\AtlasSNS_ver9\\vendor\\laravel\\framework\\src\\Illuminate\\Container\\BoundMethod.php(36): Illuminate\\Foundation\\Support\\Providers\\RouteServiceProvider->Illuminate\\Foundation\\Support\\Providers\\{closure}()
#15 C:\\Users\\user\\Desktop\\AtlasSNS_ver9\\vendor\\laravel\\framework\\src\\Illuminate\\Container\\Util.php(41): Illuminate\\Container\\BoundMethod::Illuminate\\Container\\{closure}()
#16 C:\\Users\\user\\Desktop\\AtlasSNS_ver9\\vendor\\laravel\\framework\\src\\Illuminate\\Container\\BoundMethod.php(81): Illuminate\\Container\\Util::unwrapIfClosure(Object(Closure))
#17 C:\\Users\\user\\Desktop\\AtlasSNS_ver9\\vendor\\laravel\\framework\\src\\Illuminate\\Container\\BoundMethod.php(35): Illuminate\\Container\\BoundMethod::callBoundMethod(Object(Illuminate\\Foundation\\Application), Object(Closure), Object(Closure))
#18 C:\\Users\\user\\Desktop\\AtlasSNS_ver9\\vendor\\laravel\\framework\\src\\Illuminate\\Container\\Container.php(661): Illuminate\\Container\\BoundMethod::call(Object(Illuminate\\Foundation\\Application), Object(Closure), Array, NULL)
#19 C:\\Users\\user\\Desktop\\AtlasSNS_ver9\\vendor\\laravel\\framework\\src\\Illuminate\\Support\\ServiceProvider.php(119): Illuminate\\Container\\Container->call(Object(Closure))
#20 C:\\Users\\user\\Desktop\\AtlasSNS_ver9\\vendor\\laravel\\framework\\src\\Illuminate\\Foundation\\Application.php(957): Illuminate\\Support\\ServiceProvider->callBootedCallbacks()
#21 C:\\Users\\user\\Desktop\\AtlasSNS_ver9\\vendor\\laravel\\framework\\src\\Illuminate\\Foundation\\Application.php(935): Illuminate\\Foundation\\Application->bootProvider(Object(App\\Providers\\RouteServiceProvider))
#22 [internal function]: Illuminate\\Foundation\\Application->Illuminate\\Foundation\\{closure}(Object(App\\Providers\\RouteServiceProvider), 23)
#23 C:\\Users\\user\\Desktop\\AtlasSNS_ver9\\vendor\\laravel\\framework\\src\\Illuminate\\Foundation\\Application.php(934): array_walk(Array, Object(Closure))
#24 C:\\Users\\user\\Desktop\\AtlasSNS_ver9\\vendor\\laravel\\framework\\src\\Illuminate\\Foundation\\Bootstrap\\BootProviders.php(17): Illuminate\\Foundation\\Application->boot()
#25 C:\\Users\\user\\Desktop\\AtlasSNS_ver9\\vendor\\laravel\\framework\\src\\Illuminate\\Foundation\\Application.php(265): Illuminate\\Foundation\\Bootstrap\\BootProviders->bootstrap(Object(Illuminate\\Foundation\\Application))
#26 C:\\Users\\user\\Desktop\\AtlasSNS_ver9\\vendor\\laravel\\framework\\src\\Illuminate\\Foundation\\Console\\Kernel.php(383): Illuminate\\Foundation\\Application->bootstrapWith(Array)
#27 C:\\Users\\user\\Desktop\\AtlasSNS_ver9\\vendor\\laravel\\framework\\src\\Illuminate\\Foundation\\Console\\Kernel.php(153): Illuminate\\Foundation\\Console\\Kernel->bootstrap()
#28 C:\\Users\\user\\Desktop\\AtlasSNS_ver9\\artisan(35): Illuminate\\Foundation\\Console\\Kernel->handle(Object(Symfony\\Component\\Console\\Input\\ArgvInput), Object(Symfony\\Component\\Console\\Output\\ConsoleOutput))
#29 {main}
"} 
[2026-07-19 09:28:20] local.ERROR: require(C:\Users\user\Desktop\AtlasSNS_ver9\routes/web.php): Failed to open stream: No such file or directory {"exception":"[object] (ErrorException(code: 0): require(C:\\Users\\user\\Desktop\\AtlasSNS_ver9\\routes/web.php): Failed to open stream: No such file or directory at C:\\Users\\user\\Desktop\\AtlasSNS_ver9\\vendor\\laravel\\framework\\src\\Illuminate\\Routing\\RouteFileRegistrar.php:35)
[stacktrace]
#0 C:\\Users\\user\\Desktop\\AtlasSNS_ver9\\vendor\\laravel\\framework\\src\\Illuminate\\Foundation\\Bootstrap\\HandleExceptions.php(270): Illuminate\\Foundation\\Bootstrap\\HandleExceptions->handleError(2, 'require(C:\\\\User...', 'C:\\\\Users\\\\user\\\\D...', 35)
#1 C:\\Users\\user\\Desktop\\AtlasSNS_ver9\\vendor\\laravel\\framework\\src\\Illuminate\\Routing\\RouteFileRegistrar.php(35): Illuminate\\Foundation\\Bootstrap\\HandleExceptions->Illuminate\\Foundation\\Bootstrap\\{closure}(2, 'require(C:\\\\User...', 'C:\\\\Users\\\\user\\\\D...', 35)
#2 C:\\Users\\user\\Desktop\\AtlasSNS_ver9\\vendor\\laravel\\framework\\src\\Illuminate\\Routing\\RouteFileRegistrar.php(35): require('C:\\\\Users\\\\user\\\\D...')
#3 C:\\Users\\user\\Desktop\\AtlasSNS_ver9\\vendor\\laravel\\framework\\src\\Illuminate\\Routing\\Router.php(503): Illuminate\\Routing\\RouteFileRegistrar->register('C:\\\\Users\\\\user\\\\D...')
#4 C:\\Users\\user\\Desktop\\AtlasSNS_ver9\\vendor\\laravel\\framework\\src\\Illuminate\\Routing\\Router.php(457): Illuminate\\Routing\\Router->loadRoutes('C:\\\\Users\\\\user\\\\D...')
#5 C:\\Users\\user\\Desktop\\AtlasSNS_ver9\\vendor\\laravel\\framework\\src\\Illuminate\\Routing\\RouteRegistrar.php(192): Illuminate\\Routing\\Router->group(Array, 'C:\\\\Users\\\\user\\\\D...')
#6 C:\\Users\\user\\Desktop\\AtlasSNS_ver9\\app\\Providers\\RouteServiceProvider.php(37): Illuminate\\Routing\\RouteRegistrar->group('C:\\\\Users\\\\user\\\\D...')
#7 C:\\Users\\user\\Desktop\\AtlasSNS_ver9\\vendor\\laravel\\framework\\src\\Illuminate\\Container\\BoundMethod.php(36): App\\Providers\\RouteServiceProvider->App\\Providers\\{closure}()
#8 C:\\Users\\user\\Desktop\\AtlasSNS_ver9\\vendor\\laravel\\framework\\src\\Illuminate\\Container\\Util.php(41): Illuminate\\Container\\BoundMethod::Illuminate\\Container\\{closure}()
#9 C:\\Users\\user\\Desktop\\AtlasSNS_ver9\\vendor\\laravel\\framework\\src\\Illuminate\\Container\\BoundMethod.php(81): Illuminate\\Container\\Util::unwrapIfClosure(Object(Closure))
#10 C:\\Users\\user\\Desktop\\AtlasSNS_ver9\\vendor\\laravel\\framework\\src\\Illuminate\\Container\\BoundMethod.php(35): Illuminate\\Container\\BoundMethod::callBoundMethod(Object(Illuminate\\Foundation\\Application), Object(Closure), Object(Closure))
#11 C:\\Users\\user\\Desktop\\AtlasSNS_ver9\\vendor\\laravel\\framework\\src\\Illuminate\\Container\\Container.php(661): Illuminate\\Container\\BoundMethod::call(Object(Illuminate\\Foundation\\Application), Object(Closure), Array, NULL)
#12 C:\\Users\\user\\Desktop\\AtlasSNS_ver9\\vendor\\laravel\\framework\\src\\Illuminate\\Foundation\\Support\\Providers\\RouteServiceProvider.php(120): Illuminate\\Container\\Container->call(Object(Closure))
#13 C:\\Users\\user\\Desktop\\AtlasSNS_ver9\\vendor\\laravel\\framework\\src\\Illuminate\\Foundation\\Support\\Providers\\RouteServiceProvider.php(45): Illuminate\\Foundation\\Support\\Providers\\RouteServiceProvider->loadRoutes()
#14 C:\\Users\\user\\Desktop\\AtlasSNS_ver9\\vendor\\laravel\\framework\\src\\Illuminate\\Container\\BoundMethod.php(36): Illuminate\\Foundation\\Support\\Providers\\RouteServiceProvider->Illuminate\\Foundation\\Support\\Providers\\{closure}()
#15 C:\\Users\\user\\Desktop\\AtlasSNS_ver9\\vendor\\laravel\\framework\\src\\Illuminate\\Container\\Util.php(41): Illuminate\\Container\\BoundMethod::Illuminate\\Container\\{closure}()
#16 C:\\Users\\user\\Desktop\\AtlasSNS_ver9\\vendor\\laravel\\framework\\src\\Illuminate\\Container\\BoundMethod.php(81): Illuminate\\Container\\Util::unwrapIfClosure(Object(Closure))
#17 C:\\Users\\user\\Desktop\\AtlasSNS_ver9\\vendor\\laravel\\framework\\src\\Illuminate\\Container\\BoundMethod.php(35): Illuminate\\Container\\BoundMethod::callBoundMethod(Object(Illuminate\\Foundation\\Application), Object(Closure), Object(Closure))
#18 C:\\Users\\user\\Desktop\\AtlasSNS_ver9\\vendor\\laravel\\framework\\src\\Illuminate\\Container\\Container.php(661): Illuminate\\Container\\BoundMethod::call(Object(Illuminate\\Foundation\\Application), Object(Closure), Array, NULL)
#19 C:\\Users\\user\\Desktop\\AtlasSNS_ver9\\vendor\\laravel\\framework\\src\\Illuminate\\Support\\ServiceProvider.php(119): Illuminate\\Container\\Container->call(Object(Closure))
#20 C:\\Users\\user\\Desktop\\AtlasSNS_ver9\\vendor\\laravel\\framework\\src\\Illuminate\\Foundation\\Application.php(957): Illuminate\\Support\\ServiceProvider->callBootedCallbacks()
#21 C:\\Users\\user\\Desktop\\AtlasSNS_ver9\\vendor\\laravel\\framework\\src\\Illuminate\\Foundation\\Application.php(935): Illuminate\\Foundation\\Application->bootProvider(Object(App\\Providers\\RouteServiceProvider))
#22 [internal function]: Illuminate\\Foundation\\Application->Illuminate\\Foundation\\{closure}(Object(App\\Providers\\RouteServiceProvider), 23)
#23 C:\\Users\\user\\Desktop\\AtlasSNS_ver9\\vendor\\laravel\\framework\\src\\Illuminate\\Foundation\\Application.php(934): array_walk(Array, Object(Closure))
#24 C:\\Users\\user\\Desktop\\AtlasSNS_ver9\\vendor\\laravel\\framework\\src\\Illuminate\\Foundation\\Bootstrap\\BootProviders.php(17): Illuminate\\Foundation\\Application->boot()
#25 C:\\Users\\user\\Desktop\\AtlasSNS_ver9\\vendor\\laravel\\framework\\src\\Illuminate\\Foundation\\Application.php(265): Illuminate\\Foundation\\Bootstrap\\BootProviders->bootstrap(Object(Illuminate\\Foundation\\Application))
#26 C:\\Users\\user\\Desktop\\AtlasSNS_ver9\\vendor\\laravel\\framework\\src\\Illuminate\\Foundation\\Console\\Kernel.php(383): Illuminate\\Foundation\\Application->bootstrapWith(Array)
#27 C:\\Users\\user\\Desktop\\AtlasSNS_ver9\\vendor\\laravel\\framework\\src\\Illuminate\\Foundation\\Console\\Kernel.php(153): Illuminate\\Foundation\\Console\\Kernel->bootstrap()
#28 C:\\Users\\user\\Desktop\\AtlasSNS_ver9\\artisan(35): Illuminate\\Foundation\\Console\\Kernel->handle(Object(Symfony\\Component\\Console\\Input\\ArgvInput), Object(Symfony\\Component\\Console\\Output\\ConsoleOutput))
#29 {main}
"} 
[2026-07-19 09:46:37] local.ERROR: The provided cwd "C:\Users\user\Desktop\AtlasSNS_ver9\public" does not exist. {"exception":"[object] (Symfony\\Component\\Process\\Exception\\RuntimeException(code: 0): The provided cwd \"C:\\Users\\user\\Desktop\\AtlasSNS_ver9\\public\" does not exist. at C:\\Users\\user\\Desktop\\AtlasSNS_ver9\\vendor\\symfony\\process\\Process.php:349)
[stacktrace]
#0 C:\\Users\\user\\Desktop\\AtlasSNS_ver9\\vendor\\laravel\\framework\\src\\Illuminate\\Foundation\\Console\\ServeCommand.php(153): Symfony\\Component\\Process\\Process->start(Object(Closure))
#1 C:\\Users\\user\\Desktop\\AtlasSNS_ver9\\vendor\\laravel\\framework\\src\\Illuminate\\Foundation\\Console\\ServeCommand.php(100): Illuminate\\Foundation\\Console\\ServeCommand->startProcess(true)
#2 C:\\Users\\user\\Desktop\\AtlasSNS_ver9\\vendor\\laravel\\framework\\src\\Illuminate\\Container\\BoundMethod.php(36): Illuminate\\Foundation\\Console\\ServeCommand->handle()
#3 C:\\Users\\user\\Desktop\\AtlasSNS_ver9\\vendor\\laravel\\framework\\src\\Illuminate\\Container\\Util.php(41): Illuminate\\Container\\BoundMethod::Illuminate\\Container\\{closure}()
#4 C:\\Users\\user\\Desktop\\AtlasSNS_ver9\\vendor\\laravel\\framework\\src\\Illuminate\\Container\\BoundMethod.php(93): Illuminate\\Container\\Util::unwrapIfClosure(Object(Closure))
#5 C:\\Users\\user\\Desktop\\AtlasSNS_ver9\\vendor\\laravel\\framework\\src\\Illuminate\\Container\\BoundMethod.php(35): Illuminate\\Container\\BoundMethod::callBoundMethod(Object(Illuminate\\Foundation\\Application), Array, Object(Closure))
#6 C:\\Users\\user\\Desktop\\AtlasSNS_ver9\\vendor\\laravel\\framework\\src\\Illuminate\\Container\\Container.php(661): Illuminate\\Container\\BoundMethod::call(Object(Illuminate\\Foundation\\Application), Array, Array, NULL)
#7 C:\\Users\\user\\Desktop\\AtlasSNS_ver9\\vendor\\laravel\\framework\\src\\Illuminate\\Console\\Command.php(183): Illuminate\\Container\\Container->call(Array)
#8 C:\\Users\\user\\Desktop\\AtlasSNS_ver9\\vendor\\symfony\\console\\Command\\Command.php(326): Illuminate\\Console\\Command->execute(Object(Symfony\\Component\\Console\\Input\\ArgvInput), Object(Illuminate\\Console\\OutputStyle))
#9 C:\\Users\\user\\Desktop\\AtlasSNS_ver9\\vendor\\laravel\\framework\\src\\Illuminate\\Console\\Command.php(152): Symfony\\Component\\Console\\Command\\Command->run(Object(Symfony\\Component\\Console\\Input\\ArgvInput), Object(Illuminate\\Console\\OutputStyle))
#10 C:\\Users\\user\\Desktop\\AtlasSNS_ver9\\vendor\\symfony\\console\\Application.php(1098): Illuminate\\Console\\Command->run(Object(Symfony\\Component\\Console\\Input\\ArgvInput), Object(Symfony\\Component\\Console\\Output\\ConsoleOutput))
#11 C:\\Users\\user\\Desktop\\AtlasSNS_ver9\\vendor\\symfony\\console\\Application.php(324): Symfony\\Component\\Console\\Application->doRunCommand(Object(Illuminate\\Foundation\\Console\\ServeCommand), Object(Symfony\\Component\\Console\\Input\\ArgvInput), Object(Symfony\\Component\\Console\\Output\\ConsoleOutput))
#12 C:\\Users\\user\\Desktop\\AtlasSNS_ver9\\vendor\\symfony\\console\\Application.php(175): Symfony\\Component\\Console\\Application->doRun(Object(Symfony\\Component\\Console\\Input\\ArgvInput), Object(Symfony\\Component\\Console\\Output\\ConsoleOutput))
#13 C:\\Users\\user\\Desktop\\AtlasSNS_ver9\\vendor\\laravel\\framework\\src\\Illuminate\\Console\\Application.php(102): Symfony\\Component\\Console\\Application->run(Object(Symfony\\Component\\Console\\Input\\ArgvInput), Object(Symfony\\Component\\Console\\Output\\ConsoleOutput))
#14 C:\\Users\\user\\Desktop\\AtlasSNS_ver9\\vendor\\laravel\\framework\\src\\Illuminate\\Foundation\\Console\\Kernel.php(155): Illuminate\\Console\\Application->run(Object(Symfony\\Component\\Console\\Input\\ArgvInput), Object(Symfony\\Component\\Console\\Output\\ConsoleOutput))
#15 C:\\Users\\user\\Desktop\\AtlasSNS_ver9\\artisan(35): Illuminate\\Foundation\\Console\\Kernel->handle(Object(Symfony\\Component\\Console\\Input\\ArgvInput), Object(Symfony\\Component\\Console\\Output\\ConsoleOutput))
#16 {main}
"} 
[2026-07-19 09:48:32] local.ERROR: The provided cwd "C:\Users\user\Desktop\AtlasSNS_ver9\public" does not exist. {"exception":"[object] (Symfony\\Component\\Process\\Exception\\RuntimeException(code: 0): The provided cwd \"C:\\Users\\user\\Desktop\\AtlasSNS_ver9\\public\" does not exist. at C:\\Users\\user\\Desktop\\AtlasSNS_ver9\\vendor\\symfony\\process\\Process.php:349)
[stacktrace]
#0 C:\\Users\\user\\Desktop\\AtlasSNS_ver9\\vendor\\laravel\\framework\\src\\Illuminate\\Foundation\\Console\\ServeCommand.php(153): Symfony\\Component\\Process\\Process->start(Object(Closure))
#1 C:\\Users\\user\\Desktop\\AtlasSNS_ver9\\vendor\\laravel\\framework\\src\\Illuminate\\Foundation\\Console\\ServeCommand.php(100): Illuminate\\Foundation\\Console\\ServeCommand->startProcess(true)
#2 C:\\Users\\user\\Desktop\\AtlasSNS_ver9\\vendor\\laravel\\framework\\src\\Illuminate\\Container\\BoundMethod.php(36): Illuminate\\Foundation\\Console\\ServeCommand->handle()
#3 C:\\Users\\user\\Desktop\\AtlasSNS_ver9\\vendor\\laravel\\framework\\src\\Illuminate\\Container\\Util.php(41): Illuminate\\Container\\BoundMethod::Illuminate\\Container\\{closure}()
#4 C:\\Users\\user\\Desktop\\AtlasSNS_ver9\\vendor\\laravel\\framework\\src\\Illuminate\\Container\\BoundMethod.php(93): Illuminate\\Container\\Util::unwrapIfClosure(Object(Closure))
#5 C:\\Users\\user\\Desktop\\AtlasSNS_ver9\\vendor\\laravel\\framework\\src\\Illuminate\\Container\\BoundMethod.php(35): Illuminate\\Container\\BoundMethod::callBoundMethod(Object(Illuminate\\Foundation\\Application), Array, Object(Closure))
#6 C:\\Users\\user\\Desktop\\AtlasSNS_ver9\\vendor\\laravel\\framework\\src\\Illuminate\\Container\\Container.php(661): Illuminate\\Container\\BoundMethod::call(Object(Illuminate\\Foundation\\Application), Array, Array, NULL)
#7 C:\\Users\\user\\Desktop\\AtlasSNS_ver9\\vendor\\laravel\\framework\\src\\Illuminate\\Console\\Command.php(183): Illuminate\\Container\\Container->call(Array)
#8 C:\\Users\\user\\Desktop\\AtlasSNS_ver9\\vendor\\symfony\\console\\Command\\Command.php(326): Illuminate\\Console\\Command->execute(Object(Symfony\\Component\\Console\\Input\\ArgvInput), Object(Illuminate\\Console\\OutputStyle))
#9 C:\\Users\\user\\Desktop\\AtlasSNS_ver9\\vendor\\laravel\\framework\\src\\Illuminate\\Console\\Command.php(152): Symfony\\Component\\Console\\Command\\Command->run(Object(Symfony\\Component\\Console\\Input\\ArgvInput), Object(Illuminate\\Console\\OutputStyle))
#10 C:\\Users\\user\\Desktop\\AtlasSNS_ver9\\vendor\\symfony\\console\\Application.php(1098): Illuminate\\Console\\Command->run(Object(Symfony\\Component\\Console\\Input\\ArgvInput), Object(Symfony\\Component\\Console\\Output\\ConsoleOutput))
#11 C:\\Users\\user\\Desktop\\AtlasSNS_ver9\\vendor\\symfony\\console\\Application.php(324): Symfony\\Component\\Console\\Application->doRunCommand(Object(Illuminate\\Foundation\\Console\\ServeCommand), Object(Symfony\\Component\\Console\\Input\\ArgvInput), Object(Symfony\\Component\\Console\\Output\\ConsoleOutput))
#12 C:\\Users\\user\\Desktop\\AtlasSNS_ver9\\vendor\\symfony\\console\\Application.php(175): Symfony\\Component\\Console\\Application->doRun(Object(Symfony\\Component\\Console\\Input\\ArgvInput), Object(Symfony\\Component\\Console\\Output\\ConsoleOutput))
#13 C:\\Users\\user\\Desktop\\AtlasSNS_ver9\\vendor\\laravel\\framework\\src\\Illuminate\\Console\\Application.php(102): Symfony\\Component\\Console\\Application->run(Object(Symfony\\Component\\Console\\Input\\ArgvInput), Object(Symfony\\Component\\Console\\Output\\ConsoleOutput))
#14 C:\\Users\\user\\Desktop\\AtlasSNS_ver9\\vendor\\laravel\\framework\\src\\Illuminate\\Foundation\\Console\\Kernel.php(155): Illuminate\\Console\\Application->run(Object(Symfony\\Component\\Console\\Input\\ArgvInput), Object(Symfony\\Component\\Console\\Output\\ConsoleOutput))
#15 C:\\Users\\user\\Desktop\\AtlasSNS_ver9\\artisan(35): Illuminate\\Foundation\\Console\\Kernel->handle(Object(Symfony\\Component\\Console\\Input\\ArgvInput), Object(Symfony\\Component\\Console\\Output\\ConsoleOutput))
#16 {main}
"} 
[2026-07-19 10:04:57] local.ERROR: require(C:\Users\user\Desktop\AtlasSNS_ver9\routes/api.php): Failed to open stream: No such file or directory {"exception":"[object] (ErrorException(code: 0): require(C:\\Users\\user\\Desktop\\AtlasSNS_ver9\\routes/api.php): Failed to open stream: No such file or directory at C:\\Users\\user\\Desktop\\AtlasSNS_ver9\\vendor\\laravel\\framework\\src\\Illuminate\\Routing\\RouteFileRegistrar.php:35)
[stacktrace]
#0 C:\\Users\\user\\Desktop\\AtlasSNS_ver9\\vendor\\laravel\\framework\\src\\Illuminate\\Foundation\\Bootstrap\\HandleExceptions.php(270): Illuminate\\Foundation\\Bootstrap\\HandleExceptions->handleError(2, 'require(C:\\\\User...', 'C:\\\\Users\\\\user\\\\D...', 35)
#1 C:\\Users\\user\\Desktop\\AtlasSNS_ver9\\vendor\\laravel\\framework\\src\\Illuminate\\Routing\\RouteFileRegistrar.php(35): Illuminate\\Foundation\\Bootstrap\\HandleExceptions->Illuminate\\Foundation\\Bootstrap\\{closure}(2, 'require(C:\\\\User...', 'C:\\\\Users\\\\user\\\\D...', 35)
#2 C:\\Users\\user\\Desktop\\AtlasSNS_ver9\\vendor\\laravel\\framework\\src\\Illuminate\\Routing\\RouteFileRegistrar.php(35): require('C:\\\\Users\\\\user\\\\D...')
#3 C:\\Users\\user\\Desktop\\AtlasSNS_ver9\\vendor\\laravel\\framework\\src\\Illuminate\\Routing\\Router.php(503): Illuminate\\Routing\\RouteFileRegistrar->register('C:\\\\Users\\\\user\\\\D...')
#4 C:\\Users\\user\\Desktop\\AtlasSNS_ver9\\vendor\\laravel\\framework\\src\\Illuminate\\Routing\\Router.php(457): Illuminate\\Routing\\Router->loadRoutes('C:\\\\Users\\\\user\\\\D...')
#5 C:\\Users\\user\\Desktop\\AtlasSNS_ver9\\vendor\\laravel\\framework\\src\\Illuminate\\Routing\\RouteRegistrar.php(192): Illuminate\\Routing\\Router->group(Array, 'C:\\\\Users\\\\user\\\\D...')
#6 C:\\Users\\user\\Desktop\\AtlasSNS_ver9\\app\\Providers\\RouteServiceProvider.php(34): Illuminate\\Routing\\RouteRegistrar->group('C:\\\\Users\\\\user\\\\D...')
#7 C:\\Users\\user\\Desktop\\AtlasSNS_ver9\\vendor\\laravel\\framework\\src\\Illuminate\\Container\\BoundMethod.php(36): App\\Providers\\RouteServiceProvider->App\\Providers\\{closure}()
#8 C:\\Users\\user\\Desktop\\AtlasSNS_ver9\\vendor\\laravel\\framework\\src\\Illuminate\\Container\\Util.php(41): Illuminate\\Container\\BoundMethod::Illuminate\\Container\\{closure}()
#9 C:\\Users\\user\\Desktop\\AtlasSNS_ver9\\vendor\\laravel\\framework\\src\\Illuminate\\Container\\BoundMethod.php(81): Illuminate\\Container\\Util::unwrapIfClosure(Object(Closure))
#10 C:\\Users\\user\\Desktop\\AtlasSNS_ver9\\vendor\\laravel\\framework\\src\\Illuminate\\Container\\BoundMethod.php(35): Illuminate\\Container\\BoundMethod::callBoundMethod(Object(Illuminate\\Foundation\\Application), Object(Closure), Object(Closure))
#11 C:\\Users\\user\\Desktop\\AtlasSNS_ver9\\vendor\\laravel\\framework\\src\\Illuminate\\Container\\Container.php(661): Illuminate\\Container\\BoundMethod::call(Object(Illuminate\\Foundation\\Application), Object(Closure), Array, NULL)
#12 C:\\Users\\user\\Desktop\\AtlasSNS_ver9\\vendor\\laravel\\framework\\src\\Illuminate\\Foundation\\Support\\Providers\\RouteServiceProvider.php(120): Illuminate\\Container\\Container->call(Object(Closure))
#13 C:\\Users\\user\\Desktop\\AtlasSNS_ver9\\vendor\\laravel\\framework\\src\\Illuminate\\Foundation\\Support\\Providers\\RouteServiceProvider.php(45): Illuminate\\Foundation\\Support\\Providers\\RouteServiceProvider->loadRoutes()
#14 C:\\Users\\user\\Desktop\\AtlasSNS_ver9\\vendor\\laravel\\framework\\src\\Illuminate\\Container\\BoundMethod.php(36): Illuminate\\Foundation\\Support\\Providers\\RouteServiceProvider->Illuminate\\Foundation\\Support\\Providers\\{closure}()
#15 C:\\Users\\user\\Desktop\\AtlasSNS_ver9\\vendor\\laravel\\framework\\src\\Illuminate\\Container\\Util.php(41): Illuminate\\Container\\BoundMethod::Illuminate\\Container\\{closure}()
#16 C:\\Users\\user\\Desktop\\AtlasSNS_ver9\\vendor\\laravel\\framework\\src\\Illuminate\\Container\\BoundMethod.php(81): Illuminate\\Container\\Util::unwrapIfClosure(Object(Closure))
#17 C:\\Users\\user\\Desktop\\AtlasSNS_ver9\\vendor\\laravel\\framework\\src\\Illuminate\\Container\\BoundMethod.php(35): Illuminate\\Container\\BoundMethod::callBoundMethod(Object(Illuminate\\Foundation\\Application), Object(Closure), Object(Closure))
#18 C:\\Users\\user\\Desktop\\AtlasSNS_ver9\\vendor\\laravel\\framework\\src\\Illuminate\\Container\\Container.php(661): Illuminate\\Container\\BoundMethod::call(Object(Illuminate\\Foundation\\Application), Object(Closure), Array, NULL)
#19 C:\\Users\\user\\Desktop\\AtlasSNS_ver9\\vendor\\laravel\\framework\\src\\Illuminate\\Support\\ServiceProvider.php(119): Illuminate\\Container\\Container->call(Object(Closure))
#20 C:\\Users\\user\\Desktop\\AtlasSNS_ver9\\vendor\\laravel\\framework\\src\\Illuminate\\Foundation\\Application.php(957): Illuminate\\Support\\ServiceProvider->callBootedCallbacks()
#21 C:\\Users\\user\\Desktop\\AtlasSNS_ver9\\vendor\\laravel\\framework\\src\\Illuminate\\Foundation\\Application.php(935): Illuminate\\Foundation\\Application->bootProvider(Object(App\\Providers\\RouteServiceProvider))
#22 [internal function]: Illuminate\\Foundation\\Application->Illuminate\\Foundation\\{closure}(Object(App\\Providers\\RouteServiceProvider), 23)
#23 C:\\Users\\user\\Desktop\\AtlasSNS_ver9\\vendor\\laravel\\framework\\src\\Illuminate\\Foundation\\Application.php(934): array_walk(Array, Object(Closure))
#24 C:\\Users\\user\\Desktop\\AtlasSNS_ver9\\vendor\\laravel\\framework\\src\\Illuminate\\Foundation\\Bootstrap\\BootProviders.php(17): Illuminate\\Foundation\\Application->boot()
#25 C:\\Users\\user\\Desktop\\AtlasSNS_ver9\\vendor\\laravel\\framework\\src\\Illuminate\\Foundation\\Application.php(265): Illuminate\\Foundation\\Bootstrap\\BootProviders->bootstrap(Object(Illuminate\\Foundation\\Application))
#26 C:\\Users\\user\\Desktop\\AtlasSNS_ver9\\vendor\\laravel\\framework\\src\\Illuminate\\Foundation\\Console\\Kernel.php(383): Illuminate\\Foundation\\Application->bootstrapWith(Array)
#27 C:\\Users\\user\\Desktop\\AtlasSNS_ver9\\vendor\\laravel\\framework\\src\\Illuminate\\Foundation\\Console\\Kernel.php(153): Illuminate\\Foundation\\Console\\Kernel->bootstrap()
#28 C:\\Users\\user\\Desktop\\AtlasSNS_ver9\\artisan(35): Illuminate\\Foundation\\Console\\Kernel->handle(Object(Symfony\\Component\\Console\\Input\\ArgvInput), Object(Symfony\\Component\\Console\\Output\\ConsoleOutput))
#29 {main}
"} 
[2026-07-20 14:05:01] local.ERROR: View path not found. {"exception":"[object] (RuntimeException(code: 0): View path not found. at C:\\Users\\user\\Desktop\\AtlasSNS_ver9\\vendor\\laravel\\framework\\src\\Illuminate\\Foundation\\Console\\ViewClearCommand.php:70)
[stacktrace]
#0 C:\\Users\\user\\Desktop\\AtlasSNS_ver9\\vendor\\laravel\\framework\\src\\Illuminate\\Container\\BoundMethod.php(36): Illuminate\\Foundation\\Console\\ViewClearCommand->handle()
#1 C:\\Users\\user\\Desktop\\AtlasSNS_ver9\\vendor\\laravel\\framework\\src\\Illuminate\\Container\\Util.php(41): Illuminate\\Container\\BoundMethod::Illuminate\\Container\\{closure}()
#2 C:\\Users\\user\\Desktop\\AtlasSNS_ver9\\vendor\\laravel\\framework\\src\\Illuminate\\Container\\BoundMethod.php(93): Illuminate\\Container\\Util::unwrapIfClosure(Object(Closure))
#3 C:\\Users\\user\\Desktop\\AtlasSNS_ver9\\vendor\\laravel\\framework\\src\\Illuminate\\Container\\BoundMethod.php(35): Illuminate\\Container\\BoundMethod::callBoundMethod(Object(Illuminate\\Foundation\\Application), Array, Object(Closure))
#4 C:\\Users\\user\\Desktop\\AtlasSNS_ver9\\vendor\\laravel\\framework\\src\\Illuminate\\Container\\Container.php(661): Illuminate\\Container\\BoundMethod::call(Object(Illuminate\\Foundation\\Application), Array, Array, NULL)
#5 C:\\Users\\user\\Desktop\\AtlasSNS_ver9\\vendor\\laravel\\framework\\src\\Illuminate\\Console\\Command.php(183): Illuminate\\Container\\Container->call(Array)
#6 C:\\Users\\user\\Desktop\\AtlasSNS_ver9\\vendor\\symfony\\console\\Command\\Command.php(326): Illuminate\\Console\\Command->execute(Object(Symfony\\Component\\Console\\Input\\ArgvInput), Object(Illuminate\\Console\\OutputStyle))
#7 C:\\Users\\user\\Desktop\\AtlasSNS_ver9\\vendor\\laravel\\framework\\src\\Illuminate\\Console\\Command.php(152): Symfony\\Component\\Console\\Command\\Command->run(Object(Symfony\\Component\\Console\\Input\\ArgvInput), Object(Illuminate\\Console\\OutputStyle))
#8 C:\\Users\\user\\Desktop\\AtlasSNS_ver9\\vendor\\symfony\\console\\Application.php(1098): Illuminate\\Console\\Command->run(Object(Symfony\\Component\\Console\\Input\\ArgvInput), Object(Symfony\\Component\\Console\\Output\\ConsoleOutput))
#9 C:\\Users\\user\\Desktop\\AtlasSNS_ver9\\vendor\\symfony\\console\\Application.php(324): Symfony\\Component\\Console\\Application->doRunCommand(Object(Illuminate\\Foundation\\Console\\ViewClearCommand), Object(Symfony\\Component\\Console\\Input\\ArgvInput), Object(Symfony\\Component\\Console\\Output\\ConsoleOutput))
#10 C:\\Users\\user\\Desktop\\AtlasSNS_ver9\\vendor\\symfony\\console\\Application.php(175): Symfony\\Component\\Console\\Application->doRun(Object(Symfony\\Component\\Console\\Input\\ArgvInput), Object(Symfony\\Component\\Console\\Output\\ConsoleOutput))
#11 C:\\Users\\user\\Desktop\\AtlasSNS_ver9\\vendor\\laravel\\framework\\src\\Illuminate\\Console\\Application.php(102): Symfony\\Component\\Console\\Application->run(Object(Symfony\\Component\\Console\\Input\\ArgvInput), Object(Symfony\\Component\\Console\\Output\\ConsoleOutput))
#12 C:\\Users\\user\\Desktop\\AtlasSNS_ver9\\vendor\\laravel\\framework\\src\\Illuminate\\Foundation\\Console\\Kernel.php(155): Illuminate\\Console\\Application->run(Object(Symfony\\Component\\Console\\Input\\ArgvInput), Object(Symfony\\Component\\Console\\Output\\ConsoleOutput))
#13 C:\\Users\\user\\Desktop\\AtlasSNS_ver9\\artisan(35): Illuminate\\Foundation\\Console\\Kernel->handle(Object(Symfony\\Component\\Console\\Input\\ArgvInput), Object(Symfony\\Component\\Console\\Output\\ConsoleOutput))
#14 {main}
"} 
